customer_id,age,churn,promo_applied,tenure_months,tenure_years,charges_per_month,avg_data_usage_per_month,avg_call_per_month,avg_sms_per_month,is_payment_overdue,avg_time_on_page,total_pages_visited,engagement_score,contract_duration_months,is_male,uses_credit_card
C0711,28,1,False,27,2,164.22333333333333,1.7377777777777779,2.111111111111111,0.2962962962962963,1,0.0,0,0.0,12,1,0
C0997,64,0,False,24,2,139.5725,0.3425,3.7083333333333335,5.125,1,185.0,1,128.2322284035899,24,0,0
C0770,35,0,True,25,2,32.988,0.7696,7.56,2.68,1,0.0,0,0.0,1,0,0
C0351,18,0,False,28,2,82.50928571428572,0.2767857142857143,6.035714285714286,0.5714285714285714,0,0.0,0,0.0,1,0,0
C0512,69,0,False,16,1,298.85625,6.145,18.625,0.625,1,0.0,0,0.0,1,0,0
C0612,32,1,False,8,0,456.21625,10.18,16.375,13.875,0,0.0,0,0.0,12,0,1
C0998,51,0,False,23,1,21.78,0.6491304347826087,1.9130434782608696,5.608695652173913,1,0.0,0,0.0,1,1,0
C0562,40,1,True,10,0,377.492,1.533,34.7,18.2,1,0.0,0,0.0,12,0,0
C0222,52,1,False,6,0,210.95000000000002,4.31,68.0,1.0,0,0.0,0,0.0,1,0,0
C0307,34,0,True,22,1,92.80227272727274,4.445909090909091,19.181818181818183,3.4545454545454546,0,0.0,0,0.0,12,0,0
C0550,39,0,False,27,2,41.943703703703704,2.0885185185185184,1.6666666666666667,1.9259259259259258,1,0.0,0,0.0,1,0,0
C0269,43,1,False,17,1,134.79235294117646,0.32176470588235295,25.058823529411764,4.823529411764706,0,0.0,0,0.0,12,0,0
C0583,19,1,False,32,2,123.6028125,0.86375,1.75,3.875,0,0.0,0,0.0,24,0,0
C0440,19,1,True,26,2,135.41346153846155,1.9534615384615384,18.884615384615383,6.653846153846154,0,0.0,0,0.0,1,0,1
C0239,42,0,False,30,2,83.32333333333332,3.122,5.133333333333334,5.3,0,0.0,0,0.0,24,1,0
C0256,58,0,True,5,0,997.5459999999999,5.182,11.8,25.2,1,0.0,0,0.0,1,1,0
C0257,18,0,True,7,0,65.66857142857143,2.317142857142857,49.0,3.5714285714285716,0,0.0,0,0.0,1,1,0
C0947,64,0,True,6,0,355.84999999999997,2.66,61.833333333333336,27.833333333333332,1,0.0,0,0.0,12,0,0
C0536,59,0,False,23,1,183.02304347826086,4.1121739130434785,8.173913043478262,4.043478260869565,0,0.0,0,0.0,1,0,1
C0172,61,1,True,8,0,449.77,7.99625,7.875,23.0,0,0.0,0,0.0,12,1,1
C0623,58,1,False,8,0,339.08125,2.55625,39.0,17.75,0,0.0,0,0.0,1,0,0
C0696,60,1,False,10,0,6.045,9.039,6.0,3.4,0,0.0,0,0.0,1,0,1
C0255,30,1,True,3,0,1325.9066666666665,29.17,7.0,33.0,1,0.0,0,0.0,1,0,0
C0835,24,0,False,31,2,73.70193548387097,0.7,1.4838709677419355,2.2580645161290325,0,0.0,0,0.0,1,0,0
C0127,70,0,True,23,1,149.69521739130434,4.235652173913044,0.34782608695652173,7.086956521739131,1,0.0,0,0.0,12,1,0
C0207,19,0,True,26,2,104.28769230769231,0.6988461538461539,6.076923076923077,1.2307692307692308,0,0.0,0,0.0,24,0,0
C0647,27,1,True,27,2,66.47925925925927,0.2174074074074074,0.7037037037037037,4.777777777777778,0,0.0,0,0.0,12,0,0
C0342,53,1,True,16,1,249.893125,0.595625,23.75,0.25,0,0.0,0,0.0,24,0,1
C0872,66,1,True,7,0,161.14714285714285,4.904285714285714,44.42857142857143,24.857142857142858,0,0.0,0,0.0,1,1,1
C0475,35,0,True,27,2,166.84259259259258,2.93962962962963,11.222222222222221,6.518518518518518,0,0.0,0,0.0,24,0,0
C0313,43,0,False,27,2,21.01962962962963,2.281111111111111,5.518518518518518,3.037037037037037,0,0.0,0,0.0,24,1,0
C0368,63,1,False,23,1,199.0108695652174,3.9873913043478257,20.695652173913043,7.260869565217392,0,0.0,0,0.0,12,0,0
C0526,35,0,True,13,1,224.86461538461538,7.463846153846154,31.076923076923077,4.0,0,0.0,0,0.0,24,1,0
C0403,23,0,False,25,2,175.4932,3.6132,5.12,2.36,0,0.0,0,0.0,1,0,1
C0387,22,0,,24,2,120.27833333333332,0.0,0.0,0.0,0,0.0,0,0.0,1,0,0
C0260,59,1,False,1,0,4491.63,53.41,135.0,49.0,0,0.0,0,0.0,24,0,0
C0429,32,0,False,17,1,85.59411764705882,3.6605882352941173,15.411764705882353,8.941176470588236,1,0.0,0,0.0,24,0,0
C0424,54,0,True,15,1,215.74866666666668,0.7446666666666667,0.0,4.666666666666667,1,0.0,0,0.0,12,0,0
C0054,43,1,True,20,1,37.787,0.9550000000000001,17.45,8.05,0,0.0,0,0.0,24,0,0
C0177,57,0,False,4,0,152.17,22.465,3.5,29.75,0,0.0,0,0.0,1,1,0
C0716,52,1,False,10,0,12.176,0.9189999999999999,29.3,16.4,0,0.0,0,0.0,1,0,1
C0849,32,0,True,17,1,44.424705882352946,5.533529411764706,7.823529411764706,1.9411764705882353,1,0.0,0,0.0,12,0,0
C0607,35,1,False,1,0,4685.96,99.87,431.0,116.0,0,0.0,0,0.0,1,1,0
C0519,28,0,False,9,0,56.54777777777778,1.0622222222222222,42.333333333333336,15.88888888888889,1,0.0,0,0.0,12,0,0
C0422,30,0,False,6,0,14.281666666666666,14.895000000000001,29.166666666666668,10.333333333333334,0,0.0,0,0.0,1,1,0
C0218,54,1,True,15,1,163.50733333333335,5.494666666666666,19.866666666666667,1.2,0,0.0,0,0.0,1,0,0
C0522,54,1,True,14,1,300.25928571428574,5.4592857142857145,6.642857142857143,4.857142857142857,1,0.0,0,0.0,24,0,1
C0758,59,0,False,22,1,20.220454545454547,1.136818181818182,13.090909090909092,6.681818181818182,0,0.0,0,0.0,24,1,0
C0041,26,1,True,28,2,114.27821428571428,3.004642857142857,17.428571428571427,3.25,1,0.0,0,0.0,24,0,0
C0571,37,0,False,13,1,146.19923076923075,7.513076923076923,2.5384615384615383,6.846153846153846,0,0.0,0,0.0,24,0,0
C0073,48,1,True,11,0,159.76909090909092,2.87,23.09090909090909,13.454545454545455,0,0.0,0,0.0,12,0,0
C0948,43,1,True,17,1,190.8958823529412,4.628235294117648,11.058823529411764,9.647058823529411,0,0.0,0,0.0,1,0,0
C0323,30,1,True,25,2,90.0952,3.1904000000000003,4.2,5.76,1,0.0,0,0.0,1,0,1
C0900,58,1,False,28,2,17.491785714285715,0.24500000000000002,16.392857142857142,7.142857142857143,1,0.0,0,0.0,12,1,0
C0791,24,1,True,17,1,4.96,4.285882352941177,0.058823529411764705,11.352941176470589,0,0.0,0,0.0,1,1,0
C0485,26,1,True,24,2,165.74583333333334,4.037916666666667,19.708333333333332,0.9583333333333334,0,0.0,0,0.0,24,0,0
C0666,25,1,True,18,1,74.45222222222223,2.9972222222222222,9.166666666666666,7.944444444444445,0,0.0,0,0.0,1,0,1
C0963,33,1,False,20,1,245.49650000000003,3.6719999999999997,19.55,5.0,1,21.0,1,14.556090791758852,1,1,0
C0363,21,1,True,28,2,84.59035714285714,1.3585714285714285,11.107142857142858,5.571428571428571,0,0.0,0,0.0,24,1,1
C0031,44,1,False,29,2,55.54586206896551,1.4510344827586206,12.862068965517242,5.0,0,0.0,0,0.0,24,0,0
C0616,61,1,True,25,2,30.8024,0.2168,16.52,0.48,0,0.0,0,0.0,1,1,1
C0091,24,1,True,29,2,82.19827586206897,1.756551724137931,13.482758620689655,4.758620689655173,0,0.0,0,0.0,24,0,0
C0804,69,1,False,14,1,96.74214285714287,5.392142857142857,28.928571428571427,9.0,0,0.0,0,0.0,1,1,0
C0459,32,0,False,28,2,148.76464285714286,1.5914285714285714,13.75,0.10714285714285714,0,0.0,0,0.0,1,1,1
C0682,32,1,False,18,1,225.09666666666666,3.966111111111111,10.777777777777779,8.722222222222221,1,0.0,0,0.0,12,0,0
C0245,59,0,True,7,0,146.68428571428572,2.0557142857142856,56.714285714285715,2.857142857142857,0,0.0,0,0.0,1,0,0
C0082,36,1,True,15,1,322.60266666666666,5.640666666666666,5.333333333333333,7.8,0,0.0,0,0.0,24,0,0
C0328,46,1,True,2,0,1156.025,9.82,29.0,28.0,0,0.0,0,0.0,24,0,0
C0549,42,0,False,11,0,129.39363636363635,0.9145454545454546,38.0,9.272727272727273,1,0.0,0,0.0,1,0,0
C0478,67,1,True,28,2,109.91571428571429,1.3692857142857144,10.678571428571429,3.2857142857142856,0,0.0,0,0.0,12,0,0
C0764,34,0,False,7,0,233.24714285714285,6.222857142857143,27.571428571428573,10.0,0,0.0,0,0.0,1,0,1
C0335,68,1,False,15,1,291.89866666666666,2.3453333333333335,7.6,11.133333333333333,0,0.0,0,0.0,12,0,0
C0782,59,1,True,14,1,351.985,1.2064285714285714,7.5,12.571428571428571,0,0.0,0,0.0,12,0,0
C0783,21,0,True,17,1,110.20705882352941,5.259411764705882,27.176470588235293,1.2352941176470589,0,0.0,0,0.0,12,0,0
C0885,26,1,True,6,0,113.57666666666667,16.18166666666667,12.833333333333334,28.0,0,0.0,0,0.0,1,0,1
C0714,39,0,False,4,0,214.7825,2.9575,42.75,22.5,1,0.0,0,0.0,24,0,0
C0608,42,1,True,24,2,12.422916666666666,3.9250000000000003,10.458333333333334,7.916666666666667,0,0.0,0,0.0,12,0,0
C0888,63,1,True,13,1,208.78,6.7299999999999995,14.076923076923077,6.3076923076923075,0,0.0,0,0.0,12,1,0
C0128,68,1,False,8,0,531.35625,10.96,15.75,13.375,1,243.0,1,168.4347648760667,24,0,0
C0944,68,0,True,22,1,9.288636363636364,3.6072727272727274,4.409090909090909,6.136363636363637,0,0.0,0,0.0,12,1,0
C0669,46,1,False,17,1,236.37411764705882,5.69,12.529411764705882,1.2941176470588236,0,0.0,0,0.0,12,0,0
C0857,42,0,True,27,2,177.48999999999998,0.5233333333333333,4.296296296296297,5.592592592592593,0,0.0,0,0.0,1,0,0
C0383,22,1,True,12,1,144.58416666666668,5.1275,15.416666666666666,11.583333333333334,1,0.0,0,0.0,12,1,0
C0129,37,1,True,3,0,829.3866666666667,20.416666666666668,18.666666666666668,23.666666666666668,0,0.0,0,0.0,24,0,0
C0551,24,1,False,29,2,164.42344827586206,0.7903448275862069,5.827586206896552,2.5172413793103448,0,0.0,0,0.0,24,1,0
C0355,62,1,False,12,1,322.165,1.8591666666666666,12.5,16.333333333333332,1,0.0,0,0.0,24,0,1
C0880,44,1,False,12,1,54.48,5.760000000000001,2.75,9.75,0,0.0,0,0.0,1,0,0
C0513,49,0,False,17,1,139.90058823529412,3.057058823529412,13.294117647058824,1.4705882352941178,0,0.0,0,0.0,12,0,0
C0646,19,0,True,5,0,815.508,16.564,72.6,37.8,0,0.0,0,0.0,1,0,1
C0817,20,1,False,11,0,192.93,4.755454545454546,29.0,8.909090909090908,0,0.0,0,0.0,12,0,0
C0810,44,0,False,14,1,136.28571428571428,4.534285714285714,31.428571428571427,6.571428571428571,1,0.0,0,0.0,12,0,0
C0873,57,1,True,15,1,275.9506666666667,0.6513333333333333,23.333333333333332,9.8,1,0.0,0,0.0,24,1,1
C0179,55,1,False,18,1,227.89666666666668,4.6883333333333335,23.166666666666668,5.833333333333333,0,0.0,0,0.0,1,0,1
C0381,41,0,True,32,2,40.7271875,0.428125,6.09375,2.78125,1,0.0,0,0.0,12,0,0
C0958,56,1,True,24,2,166.58083333333335,2.5191666666666666,15.083333333333334,0.375,1,0.0,0,0.0,24,0,0
C0119,45,1,True,23,1,80.99,0.23347826086956522,16.956521739130434,5.043478260869565,1,0.0,0,0.0,1,0,0
C0139,44,0,True,14,1,32.69571428571429,5.6850000000000005,1.9285714285714286,7.142857142857143,1,0.0,0,0.0,12,0,1
C0896,42,0,False,22,1,47.07636363636364,1.29,7.090909090909091,4.363636363636363,1,0.0,0,0.0,24,0,0
C0112,68,1,True,21,1,145.89857142857142,0.9285714285714286,17.904761904761905,8.476190476190476,1,0.0,0,0.0,24,0,0
C0619,20,0,False,10,0,108.822,8.315999999999999,32.1,14.4,0,0.0,0,0.0,1,0,1
C0748,68,0,True,29,2,134.60310344827585,2.6293103448275863,16.724137931034484,3.2758620689655173,0,0.0,0,0.0,24,1,0
C0495,68,1,False,26,2,116.28807692307691,3.0507692307692307,3.4615384615384617,2.8076923076923075,0,0.0,0,0.0,1,1,0
C0174,39,0,True,28,2,39.8775,1.3789285714285715,8.321428571428571,5.357142857142857,1,0.0,0,0.0,24,0,0
C0489,53,1,True,29,2,106.94655172413792,0.9862068965517242,11.517241379310345,0.3448275862068966,0,0.0,0,0.0,1,0,0
C0079,57,0,False,1,0,3803.14,71.44,73.0,34.0,1,0.0,0,0.0,1,0,1
C0882,68,0,False,10,0,299.548,0.8640000000000001,38.5,10.0,0,0.0,0,0.0,24,0,0
C0554,62,0,False,7,0,407.15000000000003,8.8,62.57142857142857,0.2857142857142857,1,0.0,0,0.0,24,1,0
C0809,29,0,True,4,0,1051.4625,19.425,75.0,11.75,0,0.0,0,0.0,1,0,0
C0293,39,0,False,25,2,113.10079999999999,3.5183999999999997,0.92,7.24,0,0.0,0,0.0,24,1,0
C0186,28,0,False,7,0,685.9157142857142,2.682857142857143,8.428571428571429,26.285714285714285,0,0.0,0,0.0,1,0,0
C0633,50,0,False,28,2,116.39964285714287,2.6285714285714286,12.321428571428571,5.107142857142857,1,0.0,0,0.0,1,0,0
C0406,60,0,False,13,1,328.09153846153845,4.055384615384615,34.38461538461539,13.923076923076923,1,64.0,1,44.3614195558365,1,0,1
C0591,57,0,False,17,1,169.07588235294116,3.5988235294117645,2.1176470588235294,7.0588235294117645,0,0.0,0,0.0,12,0,1
C0670,61,1,False,28,2,108.97,1.2732142857142856,14.142857142857142,5.035714285714286,0,0.0,0,0.0,24,0,0
C0508,52,0,True,8,0,554.99,3.47,8.0,23.375,0,0.0,0,0.0,24,1,0
C0009,21,0,False,19,1,75.11736842105263,4.458947368421053,8.421052631578947,4.052631578947368,1,0.0,0,0.0,1,1,0
C0661,18,1,True,21,1,99.5590476190476,3.3123809523809524,1.0476190476190477,6.714285714285714,0,0.0,0,0.0,12,0,1
C0159,44,1,True,3,0,1586.1466666666665,26.846666666666668,108.33333333333333,60.333333333333336,0,0.0,0,0.0,12,1,0
C0724,56,0,False,8,0,293.5725,2.3025,31.25,3.625,0,0.0,0,0.0,24,0,1
C0314,44,1,False,9,0,482.23555555555555,0.6088888888888889,46.111111111111114,17.444444444444443,1,0.0,0,0.0,1,0,0
C0390,46,0,True,26,2,59.33038461538461,3.5876923076923077,2.730769230769231,0.34615384615384615,0,0.0,0,0.0,12,0,0
C0105,32,0,False,9,0,176.4477777777778,7.267777777777777,8.222222222222221,22.0,0,0.0,0,0.0,24,1,0
C0289,63,1,True,9,0,529.9177777777778,8.096666666666668,51.22222222222222,10.11111111111111,0,0.0,0,0.0,12,1,0
C0842,51,0,True,11,0,209.31454545454545,3.092727272727273,31.636363636363637,4.363636363636363,0,0.0,0,0.0,24,0,1
C0349,56,0,,14,1,333.32714285714286,0.0,0.0,0.0,0,0.0,0,0.0,1,0,0
C0673,70,0,False,21,1,177.6152380952381,3.6847619047619045,1.380952380952381,7.476190476190476,1,0.0,0,0.0,12,0,0
C0321,70,0,False,28,2,92.33928571428571,1.4278571428571427,5.142857142857143,6.75,1,0.0,0,0.0,1,1,0
C0548,69,1,False,7,0,572.6957142857143,13.858571428571429,15.571428571428571,16.857142857142858,0,0.0,0,0.0,12,0,1
C0104,33,0,True,22,1,107.60272727272728,1.8068181818181819,11.590909090909092,3.4545454545454546,1,0.0,0,0.0,24,0,0
C0985,44,0,True,10,0,8.439,5.2490000000000006,34.8,11.0,1,0.0,0,0.0,1,0,0
C0874,64,0,True,6,0,237.02666666666667,4.541666666666667,47.166666666666664,21.833333333333332,0,0.0,0,0.0,1,1,0
C0109,42,0,True,15,1,139.21266666666668,1.2066666666666668,9.866666666666667,6.733333333333333,1,0.0,0,0.0,12,0,1
C0594,18,1,True,16,1,210.898125,0.825625,28.875,5.875,0,0.0,0,0.0,12,0,0
C0226,70,1,False,31,2,148.68193548387097,0.29225806451612907,6.32258064516129,4.387096774193548,1,0.0,0,0.0,24,0,0
C0884,38,1,False,18,1,149.47333333333333,4.903333333333333,26.055555555555557,3.0555555555555554,0,0.0,0,0.0,12,1,1
C0142,21,1,True,23,1,187.9195652173913,2.962608695652174,3.1739130434782608,4.521739130434782,0,0.0,0,0.0,24,0,0
C0086,20,1,False,1,0,1714.01,38.96,312.0,197.0,0,0.0,0,0.0,24,1,1
C0357,38,0,True,12,1,352.0625,7.899166666666667,32.25,3.9166666666666665,1,0.0,0,0.0,24,1,0
C0867,64,0,True,8,0,20.32125,7.1475,5.625,20.875,0,0.0,0,0.0,24,0,1
C0261,36,1,True,4,0,1247.7175,10.9625,106.75,30.75,1,0.0,0,0.0,24,0,0
C0855,46,0,True,15,1,35.114000000000004,2.5906666666666665,25.2,11.133333333333333,0,0.0,0,0.0,12,0,0
C0686,23,1,False,12,1,309.2475,7.979166666666667,28.666666666666668,0.16666666666666666,0,0.0,0,0.0,24,0,0
C0171,30,0,False,18,1,71.75611111111111,1.2194444444444443,9.61111111111111,2.0555555555555554,0,0.0,0,0.0,24,1,0
C0141,20,1,True,26,2,123.11,0.8857692307692309,13.192307692307692,3.0384615384615383,0,0.0,0,0.0,1,1,0
C0063,42,1,True,15,1,218.40200000000002,6.290666666666667,22.866666666666667,0.6666666666666666,1,0.0,0,0.0,12,0,0
C0264,70,1,False,15,1,109.06666666666666,5.968666666666667,7.0,7.4,0,0.0,0,0.0,12,0,1
C0372,32,0,False,2,0,599.29,44.045,99.0,91.0,0,0.0,0,0.0,12,0,0
C0544,25,0,True,18,1,90.47333333333333,2.397222222222222,10.61111111111111,9.333333333333334,1,0.0,0,0.0,1,1,0
C0559,58,0,False,5,0,818.904,2.2920000000000003,77.6,0.4,0,0.0,0,0.0,1,0,0
C0840,26,1,True,19,1,66.75421052631579,2.6910526315789474,2.736842105263158,2.736842105263158,1,0.0,0,0.0,12,0,0
C0191,37,0,True,7,0,101.50285714285714,12.667142857142858,22.0,19.857142857142858,1,0.0,0,0.0,1,0,0
C0154,55,1,True,27,2,26.3462962962963,0.2388888888888889,0.037037037037037035,2.259259259259259,0,0.0,0,0.0,12,0,0
C0863,59,1,True,31,2,112.75161290322582,1.1661290322580644,5.838709677419355,2.225806451612903,1,0.0,0,0.0,24,0,0
C0951,29,0,False,15,1,79.94066666666666,2.2953333333333332,14.0,2.8,1,0.0,0,0.0,1,0,0
C0691,26,0,False,6,0,235.91333333333333,14.383333333333333,46.0,9.833333333333334,1,0.0,0,0.0,1,1,1
C0720,41,1,True,20,1,150.91199999999998,2.5145,6.85,4.95,0,0.0,0,0.0,12,0,0
C0600,26,0,True,20,1,162.971,3.418,8.85,9.45,1,0.0,0,0.0,12,0,1
C0838,42,1,False,19,1,248.13631578947368,0.44684210526315793,18.263157894736842,4.631578947368421,1,0.0,0,0.0,12,0,1
C0980,41,0,True,9,0,400.6355555555555,0.12222222222222223,26.22222222222222,0.0,0,0.0,0,0.0,1,1,0
C0788,49,1,False,28,2,157.965,1.4589285714285716,1.8571428571428572,2.25,0,0.0,0,0.0,24,0,0
C0071,35,0,False,5,0,648.118,2.482,97.2,19.6,0,0.0,0,0.0,24,0,0
C0672,34,1,False,3,0,1310.46,19.37666666666667,166.33333333333334,2.0,0,0.0,0,0.0,12,1,0
C0084,36,0,True,22,1,172.18772727272727,2.0386363636363636,3.9545454545454546,7.7727272727272725,1,0.0,0,0.0,24,0,0
C0044,61,1,True,3,0,934.9533333333334,15.086666666666666,47.333333333333336,19.0,1,0.0,0,0.0,1,0,1
C0384,26,0,False,15,1,99.32666666666667,0.44,3.066666666666667,0.26666666666666666,0,0.0,0,0.0,12,0,0
C0409,24,1,False,3,0,133.73666666666665,15.236666666666666,26.666666666666668,2.6666666666666665,1,0.0,0,0.0,1,1,1
C0651,58,0,True,6,0,406.6266666666667,7.46,46.333333333333336,30.5,0,0.0,0,0.0,24,0,0
C0808,65,0,True,12,1,391.7683333333334,3.3925,30.25,5.833333333333333,0,0.0,0,0.0,12,0,0
C0776,44,0,True,7,0,412.21857142857147,11.197142857142856,44.857142857142854,3.7142857142857144,0,0.0,0,0.0,24,0,0
C0306,36,0,True,8,0,520.44,1.305,54.25,7.375,0,0.0,0,0.0,1,0,0
C0641,61,1,False,22,1,79.42,1.5227272727272727,17.272727272727273,1.9090909090909092,0,0.0,0,0.0,12,0,0
C0087,27,1,False,12,1,209.34333333333333,3.535,7.833333333333333,8.333333333333334,0,0.0,0,0.0,24,0,1
C0925,34,1,True,9,0,414.01,9.626666666666667,9.333333333333334,19.0,0,0.0,0,0.0,1,0,0
C0354,44,0,True,5,0,329.444,11.440000000000001,41.4,13.6,0,0.0,0,0.0,12,0,0
C0510,43,0,True,31,2,50.101612903225806,0.2948387096774194,4.580645161290323,2.967741935483871,0,0.0,0,0.0,24,1,0
C0103,51,0,True,31,2,136.8116129032258,1.961290322580645,15.225806451612904,1.5483870967741935,0,0.0,0,0.0,12,1,0
C0075,68,1,False,27,2,102.10296296296298,1.8555555555555556,12.481481481481481,3.5925925925925926,0,0.0,0,0.0,1,0,0
C0830,54,1,False,31,2,43.259032258064515,1.993548387096774,15.96774193548387,5.709677419354839,0,0.0,0,0.0,24,0,1
C0543,50,0,True,21,1,59.26285714285714,3.40047619047619,9.380952380952381,5.476190476190476,0,0.0,0,0.0,12,0,0
C0756,20,1,False,7,0,22.13,2.19,0.42857142857142855,11.142857142857142,1,0.0,0,0.0,1,0,0
C0090,44,1,False,21,1,202.73904761904765,4.16047619047619,20.238095238095237,7.809523809523809,0,0.0,0,0.0,12,0,1
C0959,51,1,True,13,1,347.5723076923077,3.9569230769230765,14.692307692307692,12.076923076923077,0,0.0,0,0.0,12,1,0
C0695,58,1,True,32,2,46.751875,1.4178125,13.6875,0.3125,0,229.0,1,158.73070434822748,1,0,0
C0928,30,0,False,11,0,83.17545454545454,8.326363636363636,4.636363636363637,10.454545454545455,1,0.0,0,0.0,1,1,0
C0092,42,0,False,11,0,285.6809090909091,1.7481818181818183,7.909090909090909,15.0,0,0.0,0,0.0,1,1,0
C0225,31,0,False,24,2,108.41166666666668,1.3975,12.208333333333334,0.20833333333333334,1,0.0,0,0.0,1,1,0
C0527,55,1,False,8,0,237.1775,2.01625,55.625,20.75,0,0.0,0,0.0,1,1,0
C0708,50,1,False,25,2,180.88639999999998,2.9383999999999997,15.84,2.64,0,0.0,0,0.0,24,0,1
C0787,33,0,True,14,1,110.28999999999999,2.935,17.0,10.357142857142858,1,0.0,0,0.0,24,1,0
C0501,54,0,False,32,2,7.929375,0.648125,0.5625,0.6875,0,0.0,0,0.0,1,0,1
C0281,64,0,True,4,0,245.51,4.535,45.5,26.5,0,0.0,0,0.0,24,0,1
C0502,61,1,True,17,1,5.525294117647059,3.402941176470588,25.235294117647058,0.47058823529411764,1,0.0,0,0.0,1,0,0
C0753,20,0,False,1,0,2890.11,49.44,179.0,1.0,1,0.0,0,0.0,12,0,1
C0625,37,0,True,29,2,5.8100000000000005,1.7010344827586206,11.03448275862069,6.0344827586206895,1,0.0,0,0.0,1,1,0
C0102,49,1,True,21,1,103.64571428571428,1.6709523809523812,2.857142857142857,4.666666666666667,0,0.0,0,0.0,1,0,1
C0566,50,0,True,32,2,132.5078125,1.25625,6.28125,0.84375,0,0.0,0,0.0,1,0,1
C0908,27,0,True,26,2,86.1576923076923,1.8250000000000002,17.03846153846154,6.461538461538462,0,0.0,0,0.0,24,0,0
C0660,31,1,True,22,1,54.04590909090909,2.7072727272727275,18.954545454545453,3.3636363636363638,1,0.0,0,0.0,1,0,0
C0028,59,0,True,26,2,8.502307692307692,1.6053846153846154,11.576923076923077,1.0384615384615385,1,0.0,0,0.0,24,0,0
C0106,26,0,False,15,1,100.36999999999999,6.141333333333334,7.133333333333334,11.933333333333334,1,0.0,0,0.0,1,1,0
C0190,51,0,True,13,1,137.13923076923078,0.13538461538461538,25.384615384615383,7.461538461538462,1,0.0,0,0.0,12,0,1
C0250,22,1,False,9,0,108.98888888888888,7.392222222222222,40.666666666666664,1.0,0,0.0,0,0.0,1,0,0
C0836,58,1,False,18,1,109.02888888888889,3.1394444444444445,19.666666666666668,6.388888888888889,0,0.0,0,0.0,12,0,0
C0487,62,0,True,1,0,2102.83,84.95,229.0,149.0,1,0.0,0,0.0,1,0,0
C0288,26,1,True,13,1,83.12307692307692,3.174615384615385,37.07692307692308,8.076923076923077,0,0.0,0,0.0,12,0,0
C0745,18,1,True,16,1,190.66,3.581875,11.3125,12.375,0,0.0,0,0.0,12,0,0
C0552,68,0,True,9,0,506.2988888888888,1.7133333333333334,53.77777777777778,4.222222222222222,1,0.0,0,0.0,24,0,0
C0837,61,0,False,12,1,156.945,6.645,10.75,5.833333333333333,1,0.0,0,0.0,24,0,0
C0446,46,0,False,14,1,332.63,1.7414285714285713,33.857142857142854,14.214285714285714,0,0.0,0,0.0,12,1,0
C0926,28,0,True,23,1,36.59478260869565,4.181739130434783,21.0,5.6521739130434785,0,0.0,0,0.0,24,0,0
C0515,70,1,False,29,2,103.56517241379309,2.952758620689655,4.413793103448276,2.206896551724138,0,0.0,0,0.0,1,0,1
C0216,46,1,False,3,0,1533.8100000000002,20.94,31.333333333333332,0.6666666666666666,0,262.0,1,181.60456130670568,12,0,0
C0396,45,1,False,1,0,3083.61,86.55,452.0,99.0,1,0.0,0,0.0,24,0,0
C0965,70,1,False,29,2,154.49586206896552,2.2572413793103445,12.0,0.20689655172413793,0,0.0,0,0.0,1,1,0
C0231,41,1,True,24,2,32.55125,3.9058333333333333,15.666666666666666,1.5416666666666667,0,0.0,0,0.0,24,0,1
C0962,44,0,False,2,0,1741.205,48.44,195.0,11.5,0,0.0,0,0.0,1,0,1
C0730,32,0,False,29,2,116.98620689655172,0.9406896551724139,5.379310344827586,5.172413793103448,0,0.0,0,0.0,1,0,0
C0392,50,1,True,16,1,178.17375,4.018125,24.375,12.125,0,0.0,0,0.0,1,0,0
C0588,34,0,False,28,2,50.45178571428572,3.5664285714285713,6.178571428571429,3.4285714285714284,0,0.0,0,0.0,24,0,0
C0134,60,1,True,2,0,1481.075,18.935,226.0,49.0,1,0.0,0,0.0,12,0,0
C0389,62,1,False,30,2,126.05366666666667,3.0386666666666664,12.733333333333333,0.4666666666666667,1,0.0,0,0.0,24,1,1
C0370,26,1,True,15,1,266.24733333333336,4.902666666666667,22.0,12.733333333333333,0,0.0,0,0.0,12,1,0
C0153,53,0,False,14,1,8.676428571428572,1.425,31.357142857142858,6.785714285714286,0,0.0,0,0.0,24,0,0
C0026,22,1,False,32,2,103.816875,2.0834375,5.21875,0.625,1,0.0,0,0.0,1,0,1
C0999,23,1,True,28,2,119.66464285714287,1.1796428571428572,6.857142857142857,1.4642857142857142,0,0.0,0,0.0,1,1,1
C0910,56,1,False,4,0,511.935,17.2525,98.5,10.0,1,255.0,1,176.75253104278605,1,0,0
C0534,31,0,False,9,0,474.8277777777778,9.268888888888888,19.22222222222222,15.444444444444445,0,0.0,0,0.0,1,1,0
C0200,45,1,False,22,1,18.48227272727273,3.084090909090909,11.409090909090908,4.318181818181818,0,0.0,0,0.0,12,0,0
C0520,62,1,False,5,0,44.339999999999996,13.946000000000002,18.2,39.8,1,252.0,1,174.6730895011062,1,1,1
C0211,44,1,True,27,2,157.1888888888889,1.3188888888888888,11.222222222222221,2.259259259259259,0,0.0,0,0.0,1,1,0
C0460,47,1,True,7,0,146.9257142857143,5.132857142857143,41.0,3.2857142857142856,0,0.0,0,0.0,24,1,1
C0324,25,1,True,28,2,167.935,3.531071428571429,15.321428571428571,2.9285714285714284,1,0.0,0,0.0,1,0,0
C0984,64,0,False,19,1,171.25315789473683,5.201052631578947,11.473684210526315,1.4736842105263157,0,0.0,0,0.0,12,0,0
C0624,29,0,False,12,1,330.18833333333333,3.26,16.916666666666668,16.416666666666668,0,0.0,0,0.0,12,0,0
C0292,36,1,False,18,1,214.48555555555555,3.2783333333333333,26.055555555555557,0.0,1,0.0,0,0.0,12,1,0
C0901,63,0,False,12,1,221.99,0.28833333333333333,5.25,6.916666666666667,0,0.0,0,0.0,1,0,1
C0917,43,0,False,31,2,25.391935483870967,1.7061290322580644,8.32258064516129,4.193548387096774,0,0.0,0,0.0,12,1,0
C0768,59,1,True,20,1,184.8995,0.355,6.3,7.4,0,0.0,0,0.0,12,1,0
C0229,63,0,False,18,1,145.44444444444446,0.44833333333333336,5.944444444444445,0.6111111111111112,1,0.0,0,0.0,24,0,0
C0197,32,1,True,3,0,685.1633333333333,21.463333333333335,156.33333333333334,33.333333333333336,1,0.0,0,0.0,1,0,0
C0482,36,0,False,26,2,63.965384615384615,2.375384615384615,7.538461538461538,6.653846153846154,1,102.0,1,70.70101241711441,12,1,1
C0069,44,0,False,1,0,529.46,57.72,142.0,126.0,1,0.0,0,0.0,12,1,0
C0894,60,1,False,32,2,33.1990625,2.21375,7.25,0.71875,0,218.0,1,151.1060853620681,1,0,1
C0432,34,0,False,23,1,132.1504347826087,3.2721739130434786,11.91304347826087,2.130434782608696,0,0.0,0,0.0,1,1,0
C0309,70,1,True,25,2,148.81879999999998,0.19640000000000002,3.64,4.4,0,0.0,0,0.0,12,0,1
C0605,62,1,True,15,1,205.792,3.0653333333333332,4.333333333333333,1.0666666666666667,1,0.0,0,0.0,12,0,0
C0317,60,0,False,28,2,174.86928571428572,0.7128571428571429,0.8571428571428571,5.214285714285714,0,0.0,0,0.0,1,0,0
C0852,57,0,True,30,2,154.149,1.2586666666666666,12.133333333333333,3.6,0,0.0,0,0.0,24,0,0
C0034,41,0,True,23,1,21.058260869565217,0.5539130434782609,0.8695652173913043,5.391304347826087,0,0.0,0,0.0,24,0,0
C0468,60,1,True,17,1,35.072941176470586,5.593529411764706,23.41176470588235,1.0,0,0.0,0,0.0,24,0,0
C0523,57,1,False,26,2,83.72615384615385,2.4665384615384616,10.692307692307692,5.0,0,0.0,0,0.0,24,0,0
C0541,54,0,True,22,1,89.46,2.033181818181818,21.136363636363637,6.818181818181818,0,0.0,0,0.0,1,1,0
C0240,18,0,False,7,0,591.9157142857142,5.192857142857143,51.42857142857143,21.285714285714285,0,0.0,0,0.0,1,1,1
C0911,67,0,False,5,0,804.0939999999999,6.338,5.2,11.6,0,0.0,0,0.0,12,0,0
C0068,41,0,False,28,2,148.2392857142857,3.3085714285714287,5.928571428571429,7.071428571428571,0,0.0,0,0.0,12,0,1
C0629,62,0,False,2,0,2243.96,28.62,38.0,85.0,1,0.0,0,0.0,24,1,0
C0464,66,1,True,18,1,260.7211111111111,2.356666666666667,7.222222222222222,5.5,0,0.0,0,0.0,24,1,0
C0205,66,1,True,10,0,117.109,2.157,22.9,8.7,0,0.0,0,0.0,24,1,1
C0178,63,0,False,14,1,165.93928571428572,5.249285714285714,14.928571428571429,14.285714285714286,1,0.0,0,0.0,24,1,0
C0111,51,0,True,9,0,232.3211111111111,9.134444444444444,36.666666666666664,1.5555555555555556,0,0.0,0,0.0,1,0,0
C0067,38,0,False,10,0,153.46800000000002,4.024,20.0,16.3,0,0.0,0,0.0,12,0,0
C0992,49,0,False,5,0,363.852,16.756,65.6,15.0,0,0.0,0,0.0,24,0,0
C0555,53,1,True,16,1,194.016875,0.634375,10.3125,11.125,0,0.0,0,0.0,12,0,0
C0431,49,1,False,13,1,28.89692307692308,6.935384615384615,20.846153846153847,5.923076923076923,0,0.0,0,0.0,1,0,0
C0499,64,0,False,25,2,136.7424,2.5876,4.56,3.32,1,0.0,0,0.0,24,1,0
C0496,37,0,True,11,0,421.1890909090909,1.0127272727272727,16.272727272727273,14.727272727272727,1,0.0,0,0.0,24,1,0
C0628,36,0,True,17,1,208.21235294117648,5.05,25.235294117647058,8.764705882352942,0,0.0,0,0.0,24,0,0
C0238,33,1,False,20,1,215.62600000000003,3.3175,2.95,7.75,0,0.0,0,0.0,24,1,0
C0715,38,0,True,15,1,139.3493333333333,6.299333333333333,32.333333333333336,2.466666666666667,1,0.0,0,0.0,12,1,0
C0511,26,1,True,27,2,154.70555555555555,3.6062962962962963,6.2592592592592595,5.851851851851852,1,0.0,0,0.0,1,0,0
C0395,31,0,False,32,2,135.7715625,1.704375,12.75,1.53125,0,0.0,0,0.0,12,0,0
C0807,63,1,False,25,2,85.6144,2.1104,5.16,5.44,1,0.0,0,0.0,24,0,0
C0130,45,1,False,2,0,1017.19,41.92,187.5,68.0,1,0.0,0,0.0,12,0,1
C0991,56,0,True,15,1,209.55666666666667,5.814666666666667,12.333333333333334,3.066666666666667,0,0.0,0,0.0,1,0,0
C0545,20,0,True,32,2,67.5040625,0.205625,3.65625,5.59375,0,0.0,0,0.0,1,0,0
C0827,63,1,True,16,1,20.308125,3.3125,10.125,6.4375,0,0.0,0,0.0,12,0,0
C0214,38,0,True,21,1,102.77095238095238,4.437142857142858,7.761904761904762,8.142857142857142,0,0.0,0,0.0,12,0,0
C0411,22,0,False,4,0,1049.45,12.665,78.25,4.5,0,0.0,0,0.0,24,0,1
C0070,68,1,False,17,1,5.221176470588236,2.071764705882353,21.294117647058822,1.2352941176470589,0,0.0,0,0.0,12,0,0
C0418,32,0,False,12,1,273.8,0.20666666666666667,29.666666666666668,3.0,0,0.0,0,0.0,12,0,0
C0405,66,0,False,9,0,330.9088888888889,4.864444444444445,47.666666666666664,6.222222222222222,0,0.0,0,0.0,24,1,0
C0871,32,1,False,11,0,48.46909090909091,1.6590909090909092,43.81818181818182,6.090909090909091,0,0.0,0,0.0,12,1,0
C0243,60,0,False,1,0,2081.28,84.32,414.0,28.0,1,0.0,0,0.0,12,0,0
C0602,64,0,True,10,0,499.238,7.95,17.7,13.0,0,0.0,0,0.0,24,0,0
C0483,37,1,False,20,1,178.05599999999998,1.7645,3.15,8.8,0,0.0,0,0.0,12,1,1
C0272,52,0,True,5,0,35.914,12.226,30.6,28.2,0,0.0,0,0.0,24,0,0
C0721,64,0,False,23,1,54.64217391304348,3.794782608695652,7.0,1.0434782608695652,0,0.0,0,0.0,24,0,0
C0232,26,0,True,7,0,373.0828571428571,1.3942857142857144,67.85714285714286,6.571428571428571,0,0.0,0,0.0,1,0,0
C0133,64,1,False,29,2,89.27172413793105,0.7006896551724138,10.310344827586206,4.655172413793103,1,0.0,0,0.0,1,0,0
C0030,60,1,True,28,2,28.134285714285713,2.1510714285714285,11.0,6.607142857142857,1,0.0,0,0.0,12,0,0
C0024,44,1,True,9,0,83.87222222222222,0.27666666666666667,48.22222222222222,9.555555555555555,0,0.0,0,0.0,24,0,1
C0006,27,1,True,22,1,104.42318181818182,2.0527272727272727,22.454545454545453,6.5,0,44.0,1,30.498475944637594,24,0,1
C0546,44,0,False,22,1,41.28545454545454,2.528636363636364,15.5,7.136363636363637,0,0.0,0,0.0,12,0,1
C0823,67,0,True,9,0,372.18888888888887,4.671111111111111,27.666666666666668,2.4444444444444446,1,0.0,0,0.0,12,1,1
C0157,37,1,True,9,0,322.67333333333335,4.764444444444445,49.77777777777778,11.777777777777779,0,0.0,0,0.0,24,0,1
C0407,40,1,True,26,2,14.736923076923079,3.4888461538461537,18.5,5.846153846153846,1,0.0,0,0.0,24,0,0
C0723,44,0,True,12,1,401.8641666666667,3.9916666666666667,32.916666666666664,3.3333333333333335,0,0.0,0,0.0,12,1,0
C0749,21,0,False,21,1,40.63,3.170952380952381,14.523809523809524,1.5714285714285714,0,0.0,0,0.0,24,0,1
C0398,44,0,False,16,1,274.005625,1.07125,21.375,1.9375,0,0.0,0,0.0,1,0,0
C0419,65,1,False,10,0,264.759,7.112,19.6,2.3,0,0.0,0,0.0,24,0,1
C0547,37,1,False,13,1,118.71538461538461,0.49,16.153846153846153,4.076923076923077,0,0.0,0,0.0,24,1,0
C0415,39,1,False,24,2,140.67166666666665,1.29625,3.6666666666666665,6.791666666666667,1,0.0,0,0.0,12,1,1
C0012,61,0,True,29,2,61.089999999999996,1.7810344827586206,5.344827586206897,3.3793103448275863,0,0.0,0,0.0,12,0,1
C0466,33,0,True,9,0,530.19,4.71,31.333333333333332,7.333333333333333,1,0.0,0,0.0,24,0,0
C0530,70,0,True,27,2,147.56333333333333,2.1055555555555556,15.148148148148149,0.9259259259259259,1,0.0,0,0.0,24,0,0
C0615,28,0,True,23,1,108.24782608695651,0.0808695652173913,16.47826086956522,8.434782608695652,1,0.0,0,0.0,24,0,0
C0652,44,1,True,26,2,158.995,2.7238461538461536,15.115384615384615,0.8076923076923077,0,0.0,0,0.0,24,0,1
C0362,44,0,True,29,2,98.12931034482759,0.44724137931034486,11.275862068965518,4.413793103448276,0,0.0,0,0.0,24,0,1
C0344,38,0,False,28,2,68.55178571428571,0.6528571428571429,3.2857142857142856,4.035714285714286,0,0.0,0,0.0,1,1,0
C0919,33,1,False,26,2,188.10384615384615,1.610769230769231,16.307692307692307,5.961538461538462,0,0.0,0,0.0,24,0,0
C0801,32,1,True,22,1,63.75772727272727,1.2531818181818182,14.136363636363637,0.7272727272727273,1,0.0,0,0.0,12,0,0
C0101,46,0,False,3,0,331.70666666666665,2.0033333333333334,139.33333333333334,17.333333333333332,1,0.0,0,0.0,24,0,0
C0913,23,0,True,16,1,240.730625,0.453125,13.9375,6.0625,0,0.0,0,0.0,24,0,0
C0326,42,1,True,25,2,160.5012,0.2168,1.4,7.44,1,0.0,0,0.0,12,0,1
C0401,21,1,True,26,2,39.36807692307693,1.5596153846153844,12.0,1.6923076923076923,0,0.0,0,0.0,12,1,0
C0208,31,1,False,18,1,170.01444444444445,1.3683333333333332,21.555555555555557,10.777777777777779,0,0.0,0,0.0,24,0,0
C0995,52,0,True,2,0,2231.02,27.405,78.0,46.0,0,0.0,0,0.0,24,1,0
C0537,32,0,False,19,1,109.07315789473684,2.6021052631578945,10.421052631578947,3.263157894736842,0,0.0,0,0.0,12,0,0
C0402,27,0,True,20,1,216.30149999999998,4.413,25.0,2.25,0,0.0,0,0.0,1,0,0
C0451,20,0,False,18,1,31.967777777777776,3.053888888888889,10.61111111111111,6.722222222222222,0,49.0,1,33.96421184743732,12,0,1
C0302,47,1,True,15,1,94.95733333333332,1.1713333333333333,13.2,2.8666666666666667,1,0.0,0,0.0,24,0,0
C0954,68,0,False,31,2,4.328064516129031,1.0016129032258065,0.5483870967741935,2.4193548387096775,0,0.0,0,0.0,1,0,0
C0979,56,1,False,19,1,93.8021052631579,3.8305263157894736,18.473684210526315,1.2105263157894737,0,0.0,0,0.0,12,0,1
C0333,62,1,True,13,1,5.583846153846154,3.9515384615384614,13.923076923076923,12.307692307692308,0,0.0,0,0.0,12,0,0
C0813,38,0,False,19,1,27.783684210526314,3.991578947368421,8.842105263157896,4.526315789473684,0,0.0,0,0.0,1,0,0
C0744,70,1,True,28,2,65.04142857142857,0.6171428571428572,7.642857142857143,4.714285714285714,0,0.0,0,0.0,24,1,1
C0472,26,1,False,13,1,380.66923076923075,0.7346153846153847,10.846153846153847,1.0,0,0.0,0,0.0,1,1,1
C0361,26,1,False,24,2,133.00083333333333,2.4341666666666666,18.666666666666668,3.7083333333333335,0,0.0,0,0.0,24,1,0
C0188,18,1,True,29,2,147.88000000000002,1.6417241379310346,2.4482758620689653,6.620689655172414,0,0.0,0,0.0,1,0,1
C0582,50,0,True,24,2,91.81708333333334,3.6479166666666667,11.666666666666666,2.625,0,0.0,0,0.0,1,0,0
C0736,42,0,True,22,1,214.2931818181818,3.0113636363636362,7.545454545454546,7.045454545454546,1,0.0,0,0.0,24,0,0
C0881,58,1,False,32,2,37.968125,0.6596875,8.84375,0.53125,0,0.0,0,0.0,1,1,0
C0457,54,1,False,2,0,1552.625,48.54,157.5,57.5,1,0.0,0,0.0,12,1,0
C0574,38,0,False,23,1,15.959999999999999,0.5852173913043479,0.043478260869565216,4.6521739130434785,0,0.0,0,0.0,24,0,0
C0579,22,0,True,1,0,578.89,37.23,295.0,153.0,0,0.0,0,0.0,12,0,1
C0759,31,0,True,8,0,78.66625,2.81625,48.5,16.375,1,0.0,0,0.0,12,1,0
C0505,31,1,False,30,2,55.961666666666666,1.5036666666666667,5.766666666666667,6.366666666666666,0,0.0,0,0.0,12,0,1
C0904,44,1,True,29,2,36.37655172413793,0.9051724137931034,6.448275862068965,6.689655172413793,0,0.0,0,0.0,12,0,0
C0053,56,1,True,26,2,70.44269230769231,1.2396153846153846,6.153846153846154,7.346153846153846,0,0.0,0,0.0,1,0,1
C0140,42,0,False,30,2,19.775333333333332,1.8316666666666668,5.966666666666667,5.4,1,40.0,1,27.725887222397812,12,0,1
C0462,36,0,False,23,1,103.65217391304348,4.160434782608696,0.8260869565217391,5.130434782608695,1,0.0,0,0.0,12,1,0
C0018,35,0,False,28,2,10.924642857142857,0.7557142857142857,13.607142857142858,2.3214285714285716,0,0.0,0,0.0,12,1,0
C0135,41,0,True,13,1,66.8323076923077,3.476923076923077,26.76923076923077,1.3846153846153846,0,0.0,0,0.0,12,0,1
C0680,23,1,False,23,1,202.80434782608697,3.636086956521739,11.08695652173913,4.869565217391305,1,0.0,0,0.0,1,0,1
C0934,41,1,True,12,1,111.19416666666666,1.0225,22.666666666666668,7.5,0,0.0,0,0.0,24,1,0
C0632,61,0,False,22,1,22.381363636363634,0.9377272727272726,2.1818181818181817,0.18181818181818182,1,0.0,0,0.0,12,1,0
C0017,48,1,True,21,1,56.44952380952381,2.6585714285714284,17.80952380952381,4.380952380952381,0,0.0,0,0.0,12,1,1
C0027,33,0,False,16,1,74.011875,0.795625,29.9375,6.375,1,0.0,0,0.0,24,1,1
C0224,41,0,False,2,0,692.625,2.015,39.5,55.0,1,0.0,0,0.0,1,0,0
C0561,46,1,False,16,1,211.575,3.548125,21.875,4.125,1,0.0,0,0.0,1,0,0
C0916,42,0,True,28,2,173.72321428571428,2.1010714285714287,12.071428571428571,2.2142857142857144,0,0.0,0,0.0,24,1,0
C0241,65,1,False,12,1,31.82166666666667,4.075833333333333,1.5833333333333333,11.75,0,0.0,0,0.0,1,0,0
C0972,33,0,True,14,1,144.52785714285716,6.197857142857143,33.07142857142857,12.214285714285714,0,0.0,0,0.0,24,1,0
C0219,68,1,True,10,0,25.002000000000002,1.068,30.2,16.0,0,0.0,0,0.0,12,0,0
C0080,60,1,False,23,1,50.616956521739134,3.864347826086956,20.869565217391305,1.5217391304347827,1,0.0,0,0.0,12,1,0
C0173,59,1,False,20,1,129.77100000000002,3.465,13.45,6.5,1,259.0,1,179.52511976502583,12,0,0
C0879,70,0,False,8,0,264.4775,6.79,31.0,3.25,1,0.0,0,0.0,12,0,0
C0976,43,1,False,26,2,58.300384615384615,0.25923076923076926,1.6153846153846154,1.6538461538461537,1,0.0,0,0.0,24,0,0
C0990,29,1,True,32,2,17.0646875,1.3653125,11.90625,3.75,0,0.0,0,0.0,24,1,0
C0169,48,1,,29,2,117.72379310344827,0.0,0.0,0.0,0,0.0,0,0.0,24,1,0
C0694,70,1,False,15,1,312.59000000000003,1.6606666666666667,23.666666666666668,9.066666666666666,0,0.0,0,0.0,24,1,0
C0412,61,0,True,14,1,340.0078571428571,4.8792857142857144,17.571428571428573,3.5,0,0.0,0,0.0,1,0,0
C0738,28,1,False,18,1,149.62722222222223,4.631666666666667,2.7777777777777777,1.1666666666666667,0,0.0,0,0.0,1,1,0
C0254,66,0,True,13,1,344.04615384615386,2.129230769230769,21.307692307692307,6.6923076923076925,0,0.0,0,0.0,12,0,0
C0158,64,0,True,19,1,48.84105263157895,3.141578947368421,9.842105263157896,9.421052631578947,0,0.0,0,0.0,12,0,1
C0291,41,0,True,31,2,154.09870967741938,2.7329032258064516,13.129032258064516,1.4193548387096775,0,0.0,0,0.0,12,0,0
C0741,59,0,False,25,2,51.252399999999994,2.5696,14.04,3.0,1,0.0,0,0.0,24,0,0
C0800,61,0,False,30,2,19.740000000000002,0.5703333333333334,6.3,4.933333333333334,1,0.0,0,0.0,24,1,0
C0312,60,0,True,24,2,192.5575,0.9045833333333334,1.1666666666666667,2.25,0,0.0,0,0.0,12,1,0
C0252,69,0,True,1,0,2342.55,11.73,79.0,175.0,0,0.0,0,0.0,1,0,0
C0709,32,1,True,23,1,195.01217391304345,0.7095652173913044,3.782608695652174,1.826086956521739,1,0.0,0,0.0,1,0,0
C0146,50,1,False,20,1,37.283,1.131,22.75,2.55,0,0.0,0,0.0,12,1,0
C0825,57,1,False,11,0,219.1827272727273,2.158181818181818,21.181818181818183,4.7272727272727275,0,0.0,0,0.0,1,0,0
C0982,65,1,True,2,0,969.69,26.465,86.5,83.5,0,0.0,0,0.0,1,1,0
C0338,29,1,True,12,1,388.15083333333337,3.0425,25.416666666666668,0.8333333333333334,1,0.0,0,0.0,1,1,1
C0160,18,1,False,22,1,193.26727272727274,2.1454545454545455,16.636363636363637,3.3181818181818183,1,0.0,0,0.0,1,1,0
C0971,44,1,True,13,1,119.67538461538462,0.38384615384615384,0.8461538461538461,10.0,0,0.0,0,0.0,12,0,0
C0163,61,1,False,3,0,661.5500000000001,32.04,83.33333333333333,6.0,0,0.0,0,0.0,1,0,0
C0584,47,1,True,15,1,155.33266666666665,5.068,32.93333333333333,9.2,1,0.0,0,0.0,12,0,0
C0010,31,1,False,26,2,40.37576923076923,3.4884615384615385,6.615384615384615,6.884615384615385,1,0.0,0,0.0,1,0,0
C0601,69,1,True,15,1,147.29799999999997,1.7,10.666666666666666,12.2,0,0.0,0,0.0,24,1,0
C0325,40,1,True,24,2,176.22083333333333,3.4470833333333335,2.5833333333333335,5.833333333333333,0,0.0,0,0.0,12,1,0
C0664,59,1,False,2,0,562.76,20.59,215.5,67.0,0,0.0,0,0.0,1,1,0
C0941,44,0,True,4,0,303.6975,1.0225,58.25,15.0,0,0.0,0,0.0,12,1,0
C0649,58,1,False,18,1,6.9561111111111105,0.7922222222222222,7.5,3.8333333333333335,0,0.0,0,0.0,12,0,0
C0393,50,0,False,5,0,543.3,14.712,15.6,35.8,0,0.0,0,0.0,12,0,0
C0931,31,1,True,3,0,1243.56,29.073333333333334,113.66666666666667,1.6666666666666667,0,0.0,0,0.0,12,0,0
C0923,20,1,False,1,0,4330.98,82.95,328.0,64.0,1,0.0,0,0.0,1,1,0
C0215,60,0,False,11,0,109.36636363636363,2.522727272727273,33.72727272727273,8.272727272727273,0,0.0,0,0.0,24,1,1
C0481,69,1,False,27,2,19.143333333333334,3.23,15.962962962962964,5.481481481481482,0,0.0,0,0.0,1,1,0
C0828,63,0,True,8,0,299.56,2.4075,31.75,10.875,1,0.0,0,0.0,12,0,0
C0300,26,0,True,10,0,217.78699999999998,8.268,34.5,6.8,0,0.0,0,0.0,24,1,0
C0310,32,0,True,1,0,3723.68,5.83,313.0,20.0,0,0.0,0,0.0,12,0,0
C0802,40,1,False,13,1,365.8707692307692,6.695384615384616,18.307692307692307,2.6153846153846154,0,0.0,0,0.0,24,0,0
C0050,55,0,False,28,2,118.35714285714286,0.8917857142857143,13.678571428571429,4.464285714285714,0,0.0,0,0.0,12,0,0
C0739,37,0,True,29,2,112.54137931034482,2.6810344827586206,8.310344827586206,5.758620689655173,1,123.0,1,85.25710320887327,12,0,0
C0794,48,1,True,28,2,51.07285714285714,2.8892857142857147,7.5,3.0714285714285716,0,0.0,0,0.0,1,0,0
C0737,29,1,False,22,1,52.57363636363636,3.5595454545454546,11.772727272727273,6.818181818181818,0,0.0,0,0.0,1,0,0
C0042,53,1,False,9,0,234.93111111111114,9.646666666666667,28.77777777777778,4.0,1,0.0,0,0.0,12,1,1
C0005,32,0,True,15,1,7.458,4.1306666666666665,6.8,13.066666666666666,1,0.0,0,0.0,1,1,0
C0887,67,1,True,9,0,311.5522222222222,2.4255555555555555,53.111111111111114,10.88888888888889,0,0.0,0,0.0,1,0,0
C0184,33,0,True,20,1,94.6115,1.6829999999999998,14.0,8.6,0,0.0,0,0.0,12,0,0
C0890,44,1,False,23,1,75.16347826086957,2.968260869565217,6.3478260869565215,1.9130434782608696,0,0.0,0,0.0,24,0,1
C0467,58,0,True,31,2,108.26193548387097,0.8487096774193548,1.5806451612903225,5.451612903225806,1,0.0,0,0.0,24,1,0
C0865,18,0,True,4,0,209.5675,17.7525,71.25,38.5,0,0.0,0,0.0,12,0,0
C0088,35,1,True,29,2,35.12,3.425172413793103,13.03448275862069,1.6206896551724137,0,0.0,0,0.0,1,1,1
C0185,48,1,True,14,1,214.28,5.742857142857143,22.714285714285715,13.428571428571429,0,0.0,0,0.0,12,0,1
C0096,30,1,False,15,1,56.714000000000006,4.723333333333333,7.0,0.4,0,0.0,0,0.0,12,1,0
C0595,61,1,False,28,2,117.49964285714285,3.0535714285714284,8.857142857142858,4.607142857142857,1,0.0,0,0.0,12,0,0
C0212,61,0,True,22,1,49.87409090909091,2.0845454545454545,17.681818181818183,4.318181818181818,0,0.0,0,0.0,1,1,0
C0964,67,1,False,31,2,79.20645161290322,1.395483870967742,5.32258064516129,4.483870967741935,0,0.0,0,0.0,12,0,1
C0378,52,0,True,22,1,223.01045454545454,0.5245454545454545,4.681818181818182,6.7727272727272725,0,0.0,0,0.0,12,1,0
C0182,28,1,False,24,2,83.05208333333333,1.3441666666666665,11.708333333333334,3.5,0,0.0,0,0.0,1,1,0
C0449,44,1,False,15,1,45.54866666666667,0.99,2.0,7.6,0,0.0,0,0.0,12,1,1
C0399,30,0,True,18,1,24.068333333333335,4.297777777777778,21.555555555555557,3.7222222222222223,0,0.0,0,0.0,12,0,0
C0267,37,1,True,16,1,17.44625,4.804375,21.8125,6.9375,1,0.0,0,0.0,24,1,1
C0969,46,0,False,8,0,213.1375,7.7525,3.25,20.75,0,0.0,0,0.0,1,0,0
C0164,53,1,True,31,2,149.13935483870966,2.3164516129032258,5.32258064516129,4.387096774193548,1,0.0,0,0.0,12,0,0
C0568,56,0,True,23,1,24.418260869565216,1.55,15.73913043478261,4.391304347826087,1,0.0,0,0.0,12,0,0
C0356,47,0,True,26,2,35.159615384615385,0.215,7.538461538461538,1.5,0,0.0,0,0.0,12,0,0
C0504,62,1,False,24,2,88.66875,3.03,15.625,0.875,0,245.0,1,169.8210592371866,24,0,0
C0637,35,0,True,7,0,286.62285714285713,11.904285714285715,21.857142857142858,23.0,0,0.0,0,0.0,12,0,0
C0531,40,1,False,28,2,127.115,1.9296428571428572,6.285714285714286,5.964285714285714,0,0.0,0,0.0,24,0,1
C0365,37,0,False,31,2,72.25903225806452,0.9819354838709677,14.741935483870968,4.548387096774194,1,0.0,0,0.0,24,0,0
C0297,26,1,False,1,0,270.2,54.81,483.0,115.0,0,0.0,0,0.0,12,0,0
C0100,34,1,True,11,0,140.86272727272728,4.443636363636364,25.727272727272727,5.818181818181818,0,0.0,0,0.0,24,0,0
C0799,21,1,False,9,0,533.0344444444445,9.54,0.0,0.8888888888888888,0,0.0,0,0.0,12,0,1
C0247,70,1,False,7,0,584.5357142857143,1.6185714285714285,46.285714285714285,8.857142857142858,1,0.0,0,0.0,12,1,0
C0019,55,0,True,16,1,42.3625,4.43375,12.0,5.125,1,0.0,0,0.0,12,0,0
C0049,24,0,True,26,2,46.43,1.4607692307692306,1.2307692307692308,4.3076923076923075,0,0.0,0,0.0,1,0,0
C0742,24,1,False,29,2,154.5044827586207,3.3393103448275863,11.586206896551724,4.586206896551724,1,0.0,0,0.0,24,0,0
C0408,29,1,False,2,0,2413.08,19.77,162.0,62.5,0,0.0,0,0.0,1,0,0
C0228,48,1,False,3,0,1375.256666666667,22.74,106.33333333333333,0.0,0,0.0,0,0.0,1,1,0
C0930,61,0,False,25,2,44.84439999999999,1.4984,5.2,3.64,0,0.0,0,0.0,24,1,1
C0114,37,0,False,12,1,43.97083333333333,2.6558333333333333,18.833333333333332,3.5,0,0.0,0,0.0,12,0,0
C0853,59,1,False,27,2,152.51111111111112,2.768148148148148,3.3333333333333335,0.6666666666666666,1,0.0,0,0.0,12,0,0
C0945,68,1,True,9,0,409.24555555555554,8.272222222222222,26.88888888888889,4.666666666666667,0,0.0,0,0.0,1,0,1
C0775,46,0,False,11,0,6.24,5.529090909090909,0.9090909090909091,16.90909090909091,0,0.0,0,0.0,1,0,0
C0659,49,0,False,18,1,259.80111111111114,4.7188888888888885,4.5,8.777777777777779,1,0.0,0,0.0,24,0,0
C0287,64,0,False,25,2,55.4008,2.4432,0.28,2.2,1,0.0,0,0.0,24,1,0
C0203,44,0,True,2,0,2414.265,41.355,240.5,39.5,0,0.0,0,0.0,12,0,0
C0477,38,1,True,28,2,113.53678571428573,1.7939285714285713,9.642857142857142,2.25,1,0.0,0,0.0,12,0,1
C0340,32,0,True,1,0,3207.49,34.67,68.0,188.0,0,0.0,0,0.0,12,1,0
C0443,67,0,False,11,0,302.9390909090909,4.350909090909091,30.09090909090909,6.181818181818182,0,0.0,0,0.0,1,0,0
C0454,49,0,True,3,0,17.496666666666666,15.479999999999999,132.0,10.0,0,0.0,0,0.0,24,0,0
C0492,45,0,False,17,1,23.482941176470586,1.6047058823529412,28.0,0.8823529411764706,0,0.0,0,0.0,24,0,1
C0955,44,0,True,26,2,110.47923076923077,0.4030769230769231,4.8076923076923075,1.0384615384615385,0,0.0,0,0.0,24,0,0
C0712,26,1,False,14,1,314.09499999999997,0.8457142857142858,19.5,2.9285714285714284,1,0.0,0,0.0,1,0,0
C0330,62,0,True,13,1,21.893846153846155,1.5907692307692307,26.76923076923077,6.384615384615385,1,0.0,0,0.0,24,0,1
C0490,59,0,True,32,2,83.7746875,1.194375,12.71875,4.09375,0,0.0,0,0.0,24,1,1
C0626,67,1,True,1,0,1630.93,68.0,310.0,38.0,0,0.0,0,0.0,1,0,0
C0118,28,0,True,8,0,250.45375,2.76875,1.5,4.625,1,0.0,0,0.0,24,0,0
C0687,40,1,False,17,1,11.0,1.2041176470588235,26.58823529411765,2.764705882352941,0,0.0,0,0.0,1,0,0
C0535,31,0,False,6,0,53.468333333333334,8.825000000000001,45.166666666666664,8.5,1,0.0,0,0.0,24,1,0
C0725,32,0,False,5,0,345.334,13.27,87.2,23.6,0,0.0,0,0.0,24,0,1
C0777,46,0,True,23,1,115.90478260869565,3.0,20.304347826086957,6.695652173913044,1,0.0,0,0.0,1,1,0
C0956,24,1,True,16,1,120.21125,2.214375,27.5,10.625,0,0.0,0,0.0,1,0,0
C0350,33,0,False,26,2,143.9023076923077,1.761153846153846,14.461538461538462,5.576923076923077,0,0.0,0,0.0,12,1,0
C0085,54,1,False,11,0,105.0990909090909,6.527272727272727,33.18181818181818,3.3636363636363638,0,0.0,0,0.0,24,0,1
C0316,65,0,False,14,1,236.9385714285714,2.204285714285714,28.642857142857142,5.857142857142857,1,0.0,0,0.0,12,1,0
C0385,24,1,True,5,0,403.018,15.280000000000001,81.0,26.4,0,0.0,0,0.0,12,0,1
C0176,20,0,True,5,0,89.96000000000001,17.878,81.0,37.0,0,0.0,0,0.0,24,0,0
C0570,31,0,False,16,1,70.38375,0.504375,18.25,3.375,0,0.0,0,0.0,1,1,0
C0305,51,0,False,24,2,57.47,2.622916666666667,3.9583333333333335,0.375,1,126.0,1,87.3365447505531,12,0,1
C0868,56,0,False,16,1,206.2275,4.046875,14.0625,3.25,1,0.0,0,0.0,1,0,0
C0263,66,0,False,26,2,186.29730769230767,1.4376923076923078,3.4615384615384617,2.0,0,0.0,0,0.0,12,0,0
C0679,55,1,False,21,1,155.4152380952381,1.4095238095238096,4.476190476190476,0.5238095238095238,0,0.0,0,0.0,1,0,0
C0717,38,0,True,2,0,268.41,27.78,45.0,38.5,0,0.0,0,0.0,1,0,0
C0654,69,0,False,18,1,138.1638888888889,3.7122222222222216,14.055555555555555,4.722222222222222,1,0.0,0,0.0,1,1,0
C0760,64,0,False,1,0,76.81,31.34,478.0,175.0,1,0.0,0,0.0,1,0,1
C0989,56,1,False,5,0,803.76,19.552,99.2,39.8,0,0.0,0,0.0,1,1,1
C0957,51,0,False,1,0,2534.58,8.68,351.0,143.0,0,0.0,0,0.0,24,1,1
C0416,44,1,False,19,1,87.50157894736842,2.0442105263157897,9.31578947368421,6.578947368421052,0,0.0,0,0.0,12,0,0
C0380,51,1,True,8,0,232.56625,4.01875,44.875,0.25,0,0.0,0,0.0,1,0,1
C0299,67,0,False,16,1,75.13875,0.47125,3.5625,11.75,0,0.0,0,0.0,1,0,0
C0765,34,0,False,1,0,2792.03,5.12,298.0,88.0,0,0.0,0,0.0,24,1,1
C0359,23,1,True,29,2,135.3844827586207,2.587241379310345,15.172413793103448,6.241379310344827,1,0.0,0,0.0,12,1,1
C0059,60,1,True,16,1,134.229375,5.6925,22.3125,0.9375,0,0.0,0,0.0,24,1,0
C0755,22,1,True,4,0,204.015,10.42,9.5,11.5,0,0.0,0,0.0,1,1,0
C0814,52,0,True,25,2,104.1956,0.2016,1.48,7.68,0,0.0,0,0.0,24,0,1
C0452,64,0,True,22,1,146.90863636363636,1.1654545454545455,21.181818181818183,2.0,1,0.0,0,0.0,1,1,0
C0667,26,0,True,20,1,174.091,4.8995,1.5,6.0,1,0.0,0,0.0,24,0,0
C0532,56,1,True,2,0,1565.445,46.36,184.5,24.0,0,0.0,0,0.0,24,0,0
C0110,41,1,True,18,1,182.2072222222222,4.312222222222222,7.5,9.222222222222221,0,0.0,0,0.0,24,0,0
C0435,64,0,True,14,1,269.68,6.036428571428572,16.785714285714285,5.857142857142857,0,0.0,0,0.0,12,0,0
C0864,67,1,True,6,0,269.93,5.640000000000001,41.5,30.666666666666668,0,0.0,0,0.0,12,0,1
C0839,60,0,False,19,1,214.72526315789474,1.5873684210526315,3.8421052631578947,4.7894736842105265,1,0.0,0,0.0,24,0,1
C0627,64,1,False,8,0,576.92875,0.9675,18.5,11.75,0,0.0,0,0.0,1,0,0
C0376,59,0,True,3,0,1645.2933333333333,27.546666666666667,78.66666666666667,47.333333333333336,0,0.0,0,0.0,1,0,1
C0469,44,0,True,23,1,26.208695652173912,0.63,4.739130434782608,4.521739130434782,0,0.0,0,0.0,12,0,0
C0138,45,1,True,19,1,123.53000000000002,0.26894736842105266,22.789473684210527,8.052631578947368,0,0.0,0,0.0,12,0,1
C0752,41,0,False,10,0,191.10399999999998,7.587000000000001,49.1,19.7,0,0.0,0,0.0,24,0,1
C0834,28,1,False,3,0,1276.4166666666667,20.323333333333334,96.66666666666667,45.666666666666664,0,0.0,0,0.0,1,0,0
C0189,46,0,False,14,1,22.863571428571426,5.590000000000001,12.928571428571429,10.785714285714286,0,0.0,0,0.0,1,0,1
C0023,37,0,False,30,2,69.43033333333332,1.7650000000000001,5.866666666666666,0.5333333333333333,0,91.0,1,63.07639343095502,1,1,0
C0391,23,1,True,24,2,6.2995833333333335,1.1179166666666667,11.541666666666666,1.875,0,0.0,0,0.0,12,0,1
C0108,18,1,True,19,1,181.40315789473684,3.1047368421052632,5.7368421052631575,5.105263157894737,0,0.0,0,0.0,24,1,1
C0850,24,0,True,18,1,203.3722222222222,3.6938888888888886,12.222222222222221,10.722222222222221,1,0.0,0,0.0,1,0,0
C0294,27,1,True,19,1,169.41105263157894,4.497894736842105,24.736842105263158,10.052631578947368,0,0.0,0,0.0,24,1,0
C0060,24,1,False,6,0,541.7483333333333,2.62,82.5,14.0,1,0.0,0,0.0,1,0,0
C0375,44,0,True,8,0,292.34375,9.01375,13.75,10.125,0,0.0,0,0.0,1,0,0
C0618,23,1,False,15,1,192.98999999999998,3.758,13.666666666666666,1.9333333333333333,1,0.0,0,0.0,24,1,1
C0929,70,1,True,30,2,132.416,2.949,9.0,3.6666666666666665,1,0.0,0,0.0,12,0,0
C0077,64,1,True,17,1,108.94470588235293,4.134705882352941,27.11764705882353,10.470588235294118,0,0.0,0,0.0,1,0,0
C0525,51,0,False,24,2,22.78,2.40375,9.458333333333334,3.625,1,0.0,0,0.0,12,0,0
C0524,21,0,True,20,1,101.1635,4.1755,24.45,5.3,1,0.0,0,0.0,12,0,1
C0994,52,0,False,10,0,304.49699999999996,4.925,15.6,2.1,0,0.0,0,0.0,12,1,0
C0907,68,0,False,2,0,2259.0,8.555,224.0,53.0,0,0.0,0,0.0,12,0,1
C0860,43,0,True,10,0,236.161,3.2380000000000004,9.3,1.4,1,0.0,0,0.0,12,0,1
C0761,30,0,False,4,0,1046.9725,23.22,28.0,40.0,0,0.0,0,0.0,12,0,1
C0767,26,1,False,19,1,254.33894736842103,1.7373684210526315,5.2105263157894735,3.6842105263157894,0,0.0,0,0.0,24,0,0
C0266,44,0,True,19,1,65.24842105263158,1.458421052631579,20.210526315789473,9.894736842105264,0,0.0,0,0.0,24,0,0
C0577,29,1,True,8,0,245.84375,4.08,6.25,18.125,0,0.0,0,0.0,12,0,0
C0820,52,1,False,30,2,21.689,0.21933333333333332,6.1,1.5333333333333334,0,0.0,0,0.0,1,0,0
C0374,41,0,,11,0,72.49545454545455,0.0,0.0,0.0,0,0.0,0,0.0,12,0,0
C0262,40,0,True,4,0,531.0275,12.075,98.25,41.5,1,0.0,0,0.0,12,0,1
C0213,61,1,False,32,2,118.0628125,2.1828125,12.15625,4.75,0,0.0,0,0.0,1,1,0
C0083,24,1,False,5,0,407.77,7.62,76.4,4.4,0,0.0,0,0.0,1,1,0
C0862,67,1,True,30,2,131.16766666666666,2.2046666666666668,8.6,3.566666666666667,0,0.0,0,0.0,12,0,0
C0614,59,1,False,31,2,71.55193548387098,1.292258064516129,1.7741935483870968,1.1290322580645162,0,0.0,0,0.0,1,1,0
C0575,68,0,True,11,0,373.3527272727273,2.1218181818181816,2.1818181818181817,9.363636363636363,0,0.0,0,0.0,1,0,1
C0038,35,0,True,12,1,77.51083333333334,5.0675,27.166666666666668,10.5,0,0.0,0,0.0,24,1,0
C0337,36,1,False,12,1,26.89833333333333,5.1925,3.6666666666666665,15.083333333333334,0,0.0,0,0.0,1,0,0
C0833,39,0,True,14,1,191.4592857142857,6.485,14.714285714285714,2.7857142857142856,0,0.0,0,0.0,24,0,1
C0981,29,1,False,12,1,297.5,2.8833333333333333,30.916666666666668,0.6666666666666666,0,0.0,0,0.0,1,0,0
C0766,30,1,False,6,0,444.9816666666666,7.3133333333333335,70.5,24.166666666666668,0,0.0,0,0.0,12,1,0
C0771,24,1,True,20,1,194.9465,2.007,7.85,0.95,0,0.0,0,0.0,1,1,0
C0066,43,0,True,7,0,65.67428571428572,9.245714285714286,57.142857142857146,1.4285714285714286,1,0.0,0,0.0,1,0,1
C0895,20,0,True,19,1,134.0894736842105,3.5415789473684214,8.105263157894736,2.4210526315789473,1,0.0,0,0.0,24,1,0
C0465,32,1,True,21,1,134.32095238095238,3.729047619047619,10.238095238095237,3.619047619047619,1,0.0,0,0.0,12,0,0
C0132,23,1,False,32,2,86.4353125,1.285,6.4375,5.53125,0,0.0,0,0.0,24,0,0
C0983,26,0,False,22,1,134.93,2.0681818181818183,13.454545454545455,1.9545454545454546,0,125.0,1,86.64339756999316,12,0,1
C0792,37,0,True,29,2,13.123103448275861,0.7910344827586208,5.137931034482759,3.6206896551724137,0,0.0,0,0.0,1,0,0
C0921,56,1,False,27,2,33.15925925925926,2.5362962962962965,14.296296296296296,2.962962962962963,0,0.0,0,0.0,1,1,1
C0107,29,1,False,1,0,4470.01,55.14,332.0,98.0,0,0.0,0,0.0,1,0,1
C0271,55,1,False,25,2,10.665999999999999,1.9691999999999998,6.64,5.6,0,0.0,0,0.0,12,0,0
C0206,64,0,True,13,1,100.93384615384616,7.689230769230769,8.76923076923077,6.230769230769231,1,0.0,0,0.0,12,1,0
C0688,35,0,True,13,1,244.80769230769232,2.9346153846153844,26.076923076923077,13.692307692307692,1,0.0,0,0.0,24,0,1
C0237,34,0,True,10,0,351.697,7.975,1.2,7.6,0,0.0,0,0.0,12,1,1
C0648,19,1,False,28,2,41.90857142857143,0.7060714285714286,7.428571428571429,2.8214285714285716,0,0.0,0,0.0,1,0,0
C0824,70,1,False,16,1,235.01875,1.6475,8.625,7.875,1,0.0,0,0.0,12,0,0
C0589,44,0,False,2,0,1449.785,22.515,105.5,32.0,0,0.0,0,0.0,12,0,0
C0786,69,0,True,17,1,287.6382352941177,3.697058823529412,21.529411764705884,10.823529411764707,0,0.0,0,0.0,12,0,1
C0676,24,1,False,30,2,120.94333333333334,1.0633333333333332,0.9,0.8666666666666667,0,0.0,0,0.0,24,0,0
C0486,28,0,True,9,0,263.81444444444446,1.07,6.222222222222222,5.555555555555555,0,0.0,0,0.0,12,1,1
C0322,23,0,True,22,1,94.95636363636363,1.1672727272727272,9.727272727272727,0.045454545454545456,1,0.0,0,0.0,1,1,0
C0388,21,1,,28,2,155.7617857142857,0.0,0.0,0.0,0,0.0,0,0.0,12,0,0
C0772,36,0,True,28,2,135.6575,0.6621428571428571,3.1785714285714284,5.035714285714286,0,0.0,0,0.0,12,0,1
C0731,52,0,False,28,2,171.8842857142857,0.3364285714285714,14.071428571428571,3.892857142857143,1,0.0,0,0.0,12,0,0
C0004,58,1,False,16,1,64.009375,5.183125,2.3125,0.6875,0,0.0,0,0.0,24,0,0
C0935,54,0,False,1,0,4086.08,8.02,404.0,47.0,1,0.0,0,0.0,12,0,0
C0915,37,1,False,15,1,73.144,1.5479999999999998,12.333333333333334,0.4,0,0.0,0,0.0,12,1,1
C0592,53,1,False,3,0,700.9833333333332,3.02,124.66666666666667,43.666666666666664,1,0.0,0,0.0,1,1,1
C0298,41,1,True,18,1,265.5444444444445,0.4838888888888889,16.22222222222222,2.2222222222222223,0,0.0,0,0.0,12,1,0
C0089,53,0,False,23,1,12.736521739130435,0.3560869565217391,6.521739130434782,5.130434782608695,0,0.0,0,0.0,12,0,0
C0521,44,0,False,27,2,103.70074074074074,1.4481481481481482,17.59259259259259,4.2592592592592595,1,0.0,0,0.0,12,0,0
C0538,33,1,True,12,1,234.25666666666666,2.5566666666666666,39.083333333333336,14.916666666666666,0,0.0,0,0.0,1,0,0
C0426,24,0,False,18,1,61.278888888888886,3.5972222222222223,10.5,3.6666666666666665,0,0.0,0,0.0,1,1,0
C0609,18,0,False,20,1,249.99699999999999,0.42699999999999994,11.55,8.15,1,0.0,0,0.0,1,0,0
C0352,39,0,True,32,2,71.3246875,3.1228125,11.46875,4.03125,0,0.0,0,0.0,24,0,0
C0404,52,0,False,29,2,77.49655172413793,1.0179310344827586,12.068965517241379,2.793103448275862,0,0.0,0,0.0,1,1,1
C0303,64,1,False,26,2,29.841538461538462,0.9657692307692307,13.153846153846153,6.384615384615385,0,0.0,0,0.0,24,0,0
C0645,29,0,True,24,2,113.61916666666667,3.6845833333333338,12.291666666666666,4.583333333333333,1,0.0,0,0.0,24,1,0
C0124,20,0,True,12,1,63.531666666666666,3.0116666666666667,35.5,8.083333333333334,0,0.0,0,0.0,12,1,1
C0859,56,1,True,20,1,221.3735,1.0195,18.8,2.15,0,0.0,0,0.0,12,0,0
C0953,29,0,True,20,1,234.40900000000002,2.217,14.85,3.8,0,218.0,1,151.1060853620681,24,0,0
C0427,70,0,True,13,1,327.0530769230769,0.2423076923076923,30.076923076923077,7.230769230769231,0,0.0,0,0.0,1,1,0
C0195,62,1,False,31,2,147.3325806451613,1.782258064516129,2.4516129032258065,1.5161290322580645,0,0.0,0,0.0,12,1,0
C0924,58,0,True,22,1,161.44181818181818,2.5613636363636365,2.3636363636363638,5.181818181818182,1,0.0,0,0.0,1,1,0
C0681,39,0,True,18,1,257.81666666666666,3.121111111111111,17.444444444444443,6.944444444444445,0,0.0,0,0.0,12,1,0
C0920,44,0,True,9,0,360.0233333333333,2.307777777777778,33.55555555555556,21.0,1,245.0,1,169.8210592371866,12,0,0
C0113,18,0,True,1,0,2186.55,28.19,444.0,15.0,1,0.0,0,0.0,24,0,1
C0035,37,1,True,4,0,978.4525,0.9525,13.5,39.0,0,0.0,0,0.0,1,0,1
C0675,63,1,True,21,1,154.41476190476192,2.145238095238095,21.904761904761905,8.428571428571429,0,0.0,0,0.0,12,0,1
C0011,31,0,False,30,2,65.652,1.5156666666666667,14.933333333333334,6.566666666666666,0,0.0,0,0.0,24,0,1
C0369,44,1,False,20,1,138.6645,4.297,20.35,1.65,0,0.0,0,0.0,12,0,0
C0227,42,0,False,2,0,833.665,3.715,81.0,25.5,1,0.0,0,0.0,1,0,0
C0780,65,1,True,30,2,72.259,0.9003333333333334,4.933333333333334,3.7,1,0.0,0,0.0,24,1,0
C0610,59,1,True,13,1,280.00461538461536,5.723076923076923,18.692307692307693,10.076923076923077,0,0.0,0,0.0,12,0,0
C0970,47,1,False,8,0,79.77625,9.87875,60.0,3.5,0,0.0,0,0.0,12,1,0
C0410,69,1,True,18,1,252.06944444444446,4.816111111111111,25.77777777777778,8.666666666666666,0,0.0,0,0.0,1,0,0
C0903,31,1,True,19,1,218.53842105263155,2.840526315789474,17.842105263157894,8.736842105263158,1,0.0,0,0.0,24,0,0
C0125,55,0,False,4,0,660.6825,2.9575,54.75,30.75,0,0.0,0,0.0,24,0,0
C0905,21,0,False,13,1,320.85615384615386,0.8353846153846154,34.0,10.307692307692308,0,0.0,0,0.0,1,0,1
C0662,69,0,False,20,1,154.753,0.9345000000000001,14.0,9.05,0,0.0,0,0.0,24,0,1
C0845,65,0,False,18,1,170.5411111111111,0.9811111111111112,17.38888888888889,5.0,0,0.0,0,0.0,24,0,1
C0968,58,1,True,15,1,313.1046666666667,3.5833333333333335,5.533333333333333,5.8,0,0.0,0,0.0,1,1,1
C0217,35,0,True,22,1,25.259545454545457,1.3909090909090909,9.090909090909092,7.7272727272727275,1,0.0,0,0.0,24,1,0
C0290,46,1,False,18,1,272.79999999999995,4.748333333333333,14.777777777777779,2.2777777777777777,1,0.0,0,0.0,12,0,1
C0806,55,0,True,31,2,147.13193548387096,3.1312903225806448,10.903225806451612,3.967741935483871,0,0.0,0,0.0,1,0,0
C0655,25,0,False,4,0,454.5225,24.35,29.75,39.0,0,0.0,0,0.0,12,0,1
C0045,35,1,False,13,1,158.04384615384618,7.672307692307692,36.23076923076923,3.0,1,0.0,0,0.0,24,0,0
C0076,60,0,True,4,0,221.94,6.185,39.5,28.25,0,0.0,0,0.0,12,0,1
C0166,70,1,True,7,0,131.27,8.568571428571428,17.428571428571427,16.714285714285715,0,0.0,0,0.0,24,0,0
C0740,24,0,False,7,0,88.2942857142857,0.38571428571428573,40.857142857142854,6.142857142857143,0,0.0,0,0.0,24,1,1
C0797,67,0,True,30,2,33.391333333333336,2.6293333333333333,12.566666666666666,0.4666666666666667,0,0.0,0,0.0,24,0,0
C0236,37,1,False,21,1,80.58714285714285,2.756666666666667,11.142857142857142,2.5238095238095237,0,0.0,0,0.0,1,1,0
C0701,50,1,False,23,1,132.9721739130435,1.2534782608695652,10.565217391304348,0.2608695652173913,0,0.0,0,0.0,1,1,0
C0689,42,0,False,4,0,964.3025,9.3875,82.0,47.5,1,0.0,0,0.0,24,0,0
C0494,20,0,False,2,0,627.88,1.205,233.0,94.0,0,39.0,1,27.032740041837865,24,1,1
C0259,42,0,False,18,1,21.23,3.143333333333333,16.22222222222222,6.666666666666667,0,0.0,0,0.0,12,0,0
C0286,31,0,False,22,1,44.99454545454545,3.485454545454546,8.272727272727273,3.6363636363636362,1,0.0,0,0.0,24,0,0
C0420,29,1,True,28,2,100.73142857142857,0.7239285714285714,1.3214285714285714,2.142857142857143,0,0.0,0,0.0,12,0,0
C0542,60,1,False,10,0,429.13599999999997,7.020999999999999,44.0,7.0,0,0.0,0,0.0,1,0,1
C0145,67,0,False,16,1,272.599375,2.269375,25.875,2.8125,0,0.0,0,0.0,12,0,0
C0115,49,0,False,26,2,33.434230769230766,1.5680769230769231,6.730769230769231,4.384615384615385,0,0.0,0,0.0,24,0,0
C0474,54,1,True,5,0,40.11,11.594,43.2,25.6,0,0.0,0,0.0,1,0,0
C0650,44,1,False,31,2,99.45935483870967,0.9606451612903226,6.32258064516129,0.9354838709677419,0,0.0,0,0.0,12,0,0
C0693,49,1,False,14,1,93.45214285714285,2.185714285714286,35.285714285714285,7.0,0,0.0,0,0.0,12,1,0
C0336,34,1,True,4,0,875.095,7.48,12.0,0.25,0,0.0,0,0.0,24,0,0
C0819,65,1,True,27,2,125.82444444444445,3.5281481481481483,15.851851851851851,3.259259259259259,0,0.0,0,0.0,24,0,1
C0304,25,1,True,11,0,108.60090909090908,8.76,14.545454545454545,13.454545454545455,0,0.0,0,0.0,12,1,1
C0732,20,0,False,5,0,119.226,3.978,1.6,17.4,1,0.0,0,0.0,12,0,0
C0906,22,1,False,17,1,173.2358823529412,5.422352941176471,12.058823529411764,6.411764705882353,0,0.0,0,0.0,12,0,0
C0095,18,1,False,25,2,134.8972,2.1804,9.88,4.52,1,0.0,0,0.0,1,1,0
C0509,37,0,True,25,2,44.5624,3.7332,13.88,5.36,0,0.0,0,0.0,24,0,1
C0585,43,1,False,17,1,118.77882352941177,1.3147058823529412,4.176470588235294,7.0588235294117645,0,0.0,0,0.0,12,0,0
C0039,22,1,False,24,2,114.85791666666667,2.138333333333333,12.208333333333334,3.4583333333333335,0,0.0,0,0.0,1,1,1
C0668,44,0,True,7,0,530.0971428571428,8.915714285714285,2.857142857142857,17.857142857142858,1,0.0,0,0.0,12,0,0
C0437,60,0,True,15,1,31.09466666666667,1.922,21.666666666666668,5.266666666666667,1,0.0,0,0.0,1,1,0
C0606,53,0,False,27,2,64.90148148148148,1.6822222222222223,3.037037037037037,3.4444444444444446,0,0.0,0,0.0,24,0,1
C0987,53,0,False,8,0,440.46125,8.12375,32.625,0.125,0,0.0,0,0.0,12,1,0
C0143,35,0,True,15,1,58.00066666666667,1.6046666666666667,10.4,11.266666666666667,0,0.0,0,0.0,12,0,0
C0043,25,1,True,1,0,4268.54,73.64,22.0,22.0,0,0.0,0,0.0,12,0,0
C0539,46,1,True,14,1,209.58571428571426,4.3428571428571425,16.428571428571427,3.357142857142857,0,0.0,0,0.0,1,1,0
C0367,46,0,True,32,2,128.334375,1.72,0.6875,0.0625,1,0.0,0,0.0,24,1,0
C0283,44,0,True,12,1,25.1825,5.8175,7.5,10.666666666666666,0,0.0,0,0.0,24,0,0
C0235,44,0,True,4,0,48.44,10.4175,13.0,3.0,1,0.0,0,0.0,1,0,0
C0587,23,1,False,24,2,2.848333333333333,3.2675,15.0,7.291666666666667,1,0.0,0,0.0,24,0,0
C0754,48,1,True,10,0,14.782,9.726,20.2,10.4,1,0.0,0,0.0,12,0,0
C0674,19,0,False,1,0,2963.69,37.06,495.0,155.0,1,0.0,0,0.0,12,0,1
C0762,24,1,False,11,0,288.3363636363636,2.3736363636363635,40.27272727272727,15.0,1,0.0,0,0.0,12,0,0
C0653,46,0,False,15,1,176.734,5.9959999999999996,27.666666666666668,5.4,0,0.0,0,0.0,1,0,0
C0580,64,0,True,21,1,86.04714285714286,1.8647619047619046,21.0,2.7142857142857144,1,0.0,0,0.0,12,0,1
C0430,52,1,True,5,0,851.4440000000001,19.22,85.8,6.2,0,0.0,0,0.0,12,1,1
C0611,68,1,True,24,2,64.27791666666667,1.6958333333333335,12.166666666666666,4.875,0,0.0,0,0.0,24,1,0
C0476,55,0,True,19,1,118.80210526315788,5.041052631578947,16.105263157894736,5.105263157894737,1,0.0,0,0.0,1,0,0
C0658,42,1,True,18,1,87.50833333333334,0.3005555555555556,23.055555555555557,8.5,1,0.0,0,0.0,1,1,1
C0631,44,0,True,2,0,2297.495,35.675,114.0,65.5,0,0.0,0,0.0,24,0,0
C0278,28,1,False,3,0,1085.3700000000001,27.75,38.666666666666664,57.666666666666664,0,0.0,0,0.0,1,1,0
C0790,58,1,False,30,2,66.85066666666667,2.6993333333333336,11.333333333333334,6.033333333333333,1,0.0,0,0.0,1,0,0
C0373,38,1,True,15,1,232.76133333333334,2.978666666666667,0.7333333333333333,8.066666666666666,0,0.0,0,0.0,12,1,0
C0480,50,0,True,5,0,142.44400000000002,9.172,25.8,30.6,0,0.0,0,0.0,12,0,0
C0007,50,1,False,19,1,182.83631578947367,3.621578947368421,0.05263157894736842,9.263157894736842,0,0.0,0,0.0,12,0,1
C0803,37,1,False,19,1,45.86105263157895,2.562105263157895,20.736842105263158,4.7894736842105265,0,0.0,0,0.0,24,0,1
C0940,18,0,False,9,0,400.46555555555557,10.49,5.666666666666667,14.0,0,0.0,0,0.0,24,0,1
C0276,58,0,True,8,0,350.1175,8.81625,57.75,23.75,0,0.0,0,0.0,24,0,0
C0097,40,0,True,9,0,534.0666666666667,0.5222222222222223,5.222222222222222,17.22222222222222,0,0.0,0,0.0,1,1,0
C0329,24,1,True,8,0,340.18625,4.20875,10.75,15.625,0,0.0,0,0.0,1,0,1
C0137,58,0,True,25,2,149.5244,1.5748,1.2,7.6,0,0.0,0,0.0,12,0,0
C0331,61,0,False,29,2,114.04551724137932,2.0710344827586207,7.172413793103448,5.068965517241379,0,0.0,0,0.0,1,0,0
C0938,56,0,True,20,1,98.32050000000001,3.656,10.8,8.15,1,0.0,0,0.0,1,0,0
C0703,52,1,False,13,1,300.9446153846154,4.253846153846154,23.615384615384617,7.538461538461538,0,0.0,0,0.0,12,0,0
C0733,32,0,False,19,1,241.68157894736842,1.2373684210526317,19.05263157894737,9.894736842105264,0,0.0,0,0.0,12,1,0
C0048,37,1,False,1,0,1105.51,13.13,270.0,19.0,0,0.0,0,0.0,24,0,0
C0450,47,0,False,2,0,2041.405,37.035,7.5,37.5,0,0.0,0,0.0,24,1,0
C0099,39,1,False,2,0,2093.755,47.375,226.5,67.5,1,0.0,0,0.0,1,0,1
C0702,64,0,True,28,2,41.99285714285714,1.9960714285714285,11.535714285714286,6.178571428571429,1,267.0,1,185.07029720950538,1,0,0
C0242,46,1,False,19,1,12.106842105263159,3.0605263157894735,1.894736842105263,5.7894736842105265,0,0.0,0,0.0,24,0,0
C0878,48,0,False,15,1,232.954,1.1239999999999999,29.6,8.933333333333334,0,0.0,0,0.0,24,1,0
C0360,23,0,True,18,1,10.170555555555556,4.518888888888889,20.88888888888889,6.722222222222222,1,0.0,0,0.0,1,0,0
C0414,61,1,False,3,0,1491.2466666666667,29.893333333333334,162.0,60.333333333333336,0,0.0,0,0.0,24,0,0
C0442,29,0,True,28,2,18.304285714285715,1.105,16.571428571428573,0.4642857142857143,0,0.0,0,0.0,1,1,0
C0841,62,1,False,14,1,54.48357142857143,5.722142857142857,32.0,12.214285714285714,0,0.0,0,0.0,12,1,0
C0334,30,0,False,6,0,341.47,15.643333333333333,23.666666666666668,1.0,1,0.0,0,0.0,24,0,1
C0877,58,0,True,15,1,162.416,4.161333333333333,13.8,9.8,0,0.0,0,0.0,1,1,0
C0074,18,0,False,4,0,216.505,19.4625,39.75,38.75,1,0.0,0,0.0,12,0,0
C0447,31,1,True,3,0,1563.2666666666667,15.546666666666667,156.66666666666666,61.666666666666664,0,0.0,0,0.0,1,1,1
C0126,29,1,True,32,2,129.6709375,2.0065625,10.09375,2.9375,1,0.0,0,0.0,24,1,0
C0498,64,0,False,17,1,149.5764705882353,2.773529411764706,14.882352941176471,8.705882352941176,1,0.0,0,0.0,12,0,0
C0812,61,0,False,26,2,101.81269230769232,2.6703846153846156,8.115384615384615,0.6538461538461539,1,0.0,0,0.0,24,0,1
C0230,41,1,False,22,1,27.505,2.66,14.454545454545455,1.1363636363636365,0,0.0,0,0.0,12,0,0
C0170,24,1,False,18,1,40.76277777777778,4.114444444444445,24.61111111111111,10.333333333333334,1,0.0,0,0.0,24,1,0
C0021,43,1,True,19,1,166.0978947368421,0.05473684210526316,18.57894736842105,3.1578947368421053,0,0.0,0,0.0,12,0,0
C0386,42,1,True,2,0,764.765,31.88,216.0,93.5,0,0.0,0,0.0,24,0,0
C0946,23,1,True,18,1,94.62388888888889,4.662777777777778,14.722222222222221,2.7777777777777777,1,0.0,0,0.0,12,1,0
C0973,44,1,True,30,2,63.37,2.4036666666666666,5.733333333333333,0.6333333333333333,1,0.0,0,0.0,1,0,0
C0891,44,1,True,27,2,144.22925925925927,1.032962962962963,0.5185185185185185,2.2222222222222223,0,0.0,0,0.0,1,1,0
C0914,66,1,False,28,2,124.71642857142857,1.285,3.642857142857143,0.9642857142857143,1,0.0,0,0.0,24,0,0
C0479,45,0,True,12,1,56.2875,5.748333333333334,14.666666666666666,2.6666666666666665,0,0.0,0,0.0,24,0,1
C0187,40,1,False,20,1,225.77249999999998,4.424,14.0,6.0,0,0.0,0,0.0,24,0,0
C0883,28,0,False,18,1,277.07,5.06,15.5,6.5,0,0.0,0,0.0,12,0,0
C0353,52,0,False,6,0,259.165,13.903333333333334,50.0,31.833333333333332,0,0.0,0,0.0,1,0,0
C0988,35,1,False,32,2,81.59375,1.1128125,1.65625,4.84375,0,0.0,0,0.0,1,0,0
C0423,33,1,False,25,2,12.7624,0.0412,13.8,0.8,0,0.0,0,0.0,24,0,0
C0156,55,0,False,5,0,882.3860000000001,17.753999999999998,45.6,24.8,0,0.0,0,0.0,1,0,1
C0117,53,1,False,5,0,518.038,4.4159999999999995,59.4,2.8,0,0.0,0,0.0,12,0,1
C0248,34,0,True,15,1,112.438,3.126,8.6,5.533333333333333,0,0.0,0,0.0,24,1,0
C0560,70,1,True,13,1,382.88230769230773,4.252307692307692,17.076923076923077,14.076923076923077,1,192.0,1,133.0842586675095,1,1,0
C0713,68,1,True,22,1,176.40772727272727,1.741818181818182,4.590909090909091,9.090909090909092,0,0.0,0,0.0,24,1,0
C0743,55,1,False,32,2,141.391875,0.94875,7.09375,0.0,1,0.0,0,0.0,1,0,0
C0805,35,1,True,30,2,121.511,0.43533333333333335,5.733333333333333,1.1,1,0.0,0,0.0,1,0,0
C0889,26,1,True,30,2,74.07133333333333,2.94,4.6,4.833333333333333,0,0.0,0,0.0,12,0,0
C0249,60,1,False,31,2,87.75,2.789677419354839,6.741935483870968,4.225806451612903,1,0.0,0,0.0,24,0,0
C0692,19,1,True,23,1,176.55608695652174,0.3682608695652174,9.434782608695652,3.4782608695652173,1,0.0,0,0.0,24,0,0
C0593,65,1,False,15,1,128.13333333333333,1.1700000000000002,12.4,6.066666666666666,1,25.0,1,17.328679513998633,12,0,0
C0704,26,0,False,26,2,3.516538461538462,2.3226923076923076,14.76923076923077,0.0,0,0.0,0,0.0,1,0,1
C0438,44,1,False,25,2,190.8236,3.9619999999999997,12.88,0.64,0,0.0,0,0.0,24,0,1
C0719,64,0,True,16,1,210.905,5.618125,20.8125,2.1875,0,0.0,0,0.0,24,0,0
C0003,27,0,False,27,2,134.48037037037037,1.7151851851851854,9.814814814814815,4.703703703703703,0,0.0,0,0.0,24,0,1
C0377,62,0,False,26,2,32.62269230769231,2.2165384615384616,18.576923076923077,4.576923076923077,0,0.0,0,0.0,12,0,0
C0789,54,1,True,14,1,37.644999999999996,6.505714285714285,27.571428571428573,5.285714285714286,0,0.0,0,0.0,1,0,0
C0131,42,0,False,15,1,301.98333333333335,5.668666666666667,16.666666666666668,12.4,0,0.0,0,0.0,1,0,0
C0506,44,1,False,22,1,190.93045454545455,3.108181818181818,16.863636363636363,6.5,0,0.0,0,0.0,24,1,0
C0875,28,1,True,15,1,115.63933333333333,1.082,23.933333333333334,6.0,0,0.0,0,0.0,1,0,0
C0194,20,0,True,7,0,265.2757142857143,5.438571428571429,44.285714285714285,17.857142857142858,1,0.0,0,0.0,1,0,0
C0244,41,0,False,30,2,105.59066666666666,2.916,5.3,5.6,0,0.0,0,0.0,24,0,0
C0950,46,0,False,6,0,148.24833333333333,3.098333333333333,52.0,19.166666666666668,0,0.0,0,0.0,1,1,0
C0400,44,0,True,32,2,108.1178125,2.24125,5.25,4.78125,1,0.0,0,0.0,12,0,0
C0339,44,1,False,31,2,92.5858064516129,2.6635483870967738,5.354838709677419,1.7419354838709677,0,0.0,0,0.0,1,0,0
C0201,55,1,True,10,0,461.58900000000006,9.403,27.8,17.8,0,0.0,0,0.0,12,1,0
C0311,62,0,True,24,2,104.40666666666668,3.2045833333333333,9.125,7.583333333333333,0,0.0,0,0.0,24,0,0
C0301,22,1,True,12,1,415.31666666666666,0.22583333333333333,24.916666666666668,10.0,0,0.0,0,0.0,24,0,1
C0821,65,1,True,29,2,122.65655172413793,3.00551724137931,8.379310344827585,2.4482758620689653,1,209.0,1,144.86776073702856,1,1,0
C0952,41,1,True,20,1,46.2995,0.372,8.4,3.4,0,0.0,0,0.0,24,0,0
C0769,47,0,True,5,0,623.012,19.538,27.6,34.4,0,0.0,0,0.0,12,1,0
C0747,65,1,True,22,1,56.317727272727275,3.110909090909091,8.818181818181818,4.636363636363637,0,0.0,0,0.0,1,1,0
C0484,37,1,True,24,2,91.17875,2.84,10.5,4.041666666666667,0,0.0,0,0.0,12,0,1
C0121,44,0,False,13,1,296.14307692307693,7.076153846153845,4.6923076923076925,0.3076923076923077,1,0.0,0,0.0,12,0,1
C0318,67,0,True,25,2,2.5108,1.338,12.0,5.04,0,130.0,1,90.10913347279289,12,0,1
C0657,69,1,,16,1,230.445625,0.0,0.0,0.0,0,0.0,0,0.0,1,0,0
C0856,34,1,False,31,2,79.61870967741935,0.7745161290322581,4.709677419354839,0.3548387096774194,1,0.0,0,0.0,24,0,0
C0192,52,1,False,22,1,198.8568181818182,2.6154545454545453,9.227272727272727,1.4090909090909092,0,0.0,0,0.0,1,1,1
C0319,21,1,False,12,1,43.14666666666667,0.8125,22.166666666666668,14.333333333333334,0,0.0,0,0.0,24,1,0
C0533,28,0,False,24,2,71.655,1.1183333333333334,10.875,5.666666666666667,0,0.0,0,0.0,12,0,0
C0078,64,0,True,15,1,174.756,0.9333333333333333,31.2,1.4666666666666666,1,0.0,0,0.0,1,0,0
C0718,68,1,False,12,1,360.6325,6.677499999999999,33.083333333333336,2.3333333333333335,0,0.0,0,0.0,1,0,1
C0726,49,1,True,5,0,772.504,15.628,46.0,14.8,1,266.0,1,184.37715002894544,1,0,0
C0421,21,0,False,27,2,64.7562962962963,3.395185185185185,11.0,3.4814814814814814,0,0.0,0,0.0,24,0,0
C0488,66,0,False,16,1,239.6375,4.3925,11.9375,11.4375,0,17.0,1,11.78350206951907,1,0,0
C0198,68,0,False,12,1,141.45083333333335,6.550833333333333,24.916666666666668,9.166666666666666,0,0.0,0,0.0,12,0,0
C0690,62,0,False,31,2,34.98935483870968,0.4106451612903226,8.67741935483871,5.451612903225806,0,0.0,0,0.0,1,1,1
C0347,30,1,False,14,1,174.2792857142857,5.797857142857143,17.142857142857142,1.4285714285714286,1,0.0,0,0.0,1,1,1
C0002,34,0,False,1,0,401.76,15.43,496.0,150.0,1,0.0,0,0.0,1,0,0
C0151,69,0,True,29,2,133.19172413793103,1.589655172413793,10.96551724137931,2.1379310344827585,0,0.0,0,0.0,1,0,0
C0826,31,1,True,28,2,149.61964285714288,1.2614285714285713,17.857142857142858,5.857142857142857,1,0.0,0,0.0,24,0,0
C0346,54,1,False,9,0,273.5433333333333,10.317777777777778,12.555555555555555,2.5555555555555554,0,0.0,0,0.0,1,0,0
C0122,41,1,False,31,2,31.429354838709674,1.4332258064516128,1.4838709677419355,0.0967741935483871,1,0.0,0,0.0,24,1,1
C0558,24,1,True,25,2,94.71799999999999,0.8320000000000001,14.2,1.08,0,0.0,0,0.0,1,1,0
C0630,44,1,True,17,1,30.124117647058824,4.747647058823529,13.058823529411764,9.529411764705882,1,233.0,1,161.50329307046727,1,0,0
C0413,60,0,False,30,2,90.45866666666667,0.6796666666666666,6.6,4.066666666666666,0,0.0,0,0.0,1,1,0
C0620,69,0,True,3,0,240.80666666666664,23.136666666666667,160.33333333333334,17.666666666666668,0,0.0,0,0.0,12,0,1
C0785,59,1,True,3,0,518.7366666666667,8.873333333333333,41.0,43.0,0,0.0,0,0.0,24,0,0
C0473,41,1,False,25,2,128.1528,2.3916,12.84,3.92,0,0.0,0,0.0,24,1,0
C0678,59,0,False,5,0,115.16400000000002,18.476,51.4,37.4,1,0.0,0,0.0,1,0,0
C0656,67,0,False,12,1,394.88916666666665,1.5333333333333332,8.083333333333334,7.916666666666667,1,0.0,0,0.0,1,0,0
C0663,20,0,True,6,0,507.12833333333333,3.6816666666666666,65.33333333333333,27.5,1,0.0,0,0.0,12,0,0
C0265,41,0,True,16,1,249.4075,4.2725,27.875,9.8125,0,0.0,0,0.0,12,1,0
C0734,30,0,True,1,0,3051.62,12.57,2.0,22.0,1,0.0,0,0.0,1,1,1
C0279,33,1,True,30,2,9.377,0.8823333333333333,12.233333333333333,0.7333333333333333,1,0.0,0,0.0,12,1,0
C0573,48,1,False,29,2,167.04620689655172,1.9693103448275862,6.482758620689655,5.655172413793103,0,0.0,0,0.0,1,0,0
C0516,18,0,False,2,0,1183.835,18.145,182.5,91.5,0,0.0,0,0.0,24,1,1
C0280,67,1,True,18,1,273.1872222222222,4.056111111111111,10.444444444444445,10.0,0,0.0,0,0.0,12,1,0
C0540,24,1,False,6,0,488.645,8.933333333333334,68.33333333333333,25.0,0,152.0,1,105.35837144511169,1,0,1
C0735,55,1,False,13,1,373.64384615384614,5.5515384615384615,35.53846153846154,12.153846153846153,0,0.0,0,0.0,24,1,0
C0503,66,1,False,2,0,1963.565,38.65,159.0,29.5,1,106.0,1,73.4736011393542,12,0,1
C0037,44,0,False,15,1,142.714,4.452666666666667,26.6,5.066666666666666,0,0.0,0,0.0,24,0,0
C0000,37,0,True,15,1,167.542,3.8233333333333333,2.933333333333333,12.0,1,54.0,1,37.42994775023705,1,0,0
C0977,57,1,False,25,2,83.804,3.5208,19.6,1.0,0,0.0,0,0.0,1,0,1
C0898,38,1,True,31,2,25.731612903225805,1.5935483870967742,1.1290322580645162,3.161290322580645,0,0.0,0,0.0,24,0,0
C0671,35,0,False,14,1,217.23357142857142,3.9778571428571428,5.928571428571429,6.642857142857143,0,0.0,0,0.0,24,0,0
C0939,51,1,True,30,2,53.56466666666667,1.7530000000000001,6.633333333333334,1.8,0,0.0,0,0.0,24,0,1
C0065,24,1,True,8,0,265.655,12.47625,7.25,23.625,0,0.0,0,0.0,24,1,0
C0773,42,0,False,14,1,287.63714285714286,2.6885714285714286,28.214285714285715,1.2142857142857142,0,0.0,0,0.0,24,0,0
C0032,35,1,False,25,2,109.17399999999999,3.2832,19.36,4.52,1,20.0,1,13.862943611198906,12,0,1
C0433,27,1,False,29,2,150.15344827586208,3.090344827586207,13.344827586206897,1.7586206896551724,0,0.0,0,0.0,12,0,1
C0233,34,0,True,1,0,3256.03,11.3,33.0,154.0,0,0.0,0,0.0,12,0,1
C0634,30,0,False,30,2,35.266,3.2939999999999996,14.7,3.8333333333333335,0,0.0,0,0.0,12,1,0
C0779,42,0,True,32,2,71.2559375,0.5934375,7.28125,6.25,1,0.0,0,0.0,1,1,0
C0417,54,1,True,30,2,76.15266666666666,2.4506666666666663,9.533333333333333,6.1,0,0.0,0,0.0,1,0,0
C0707,39,1,True,9,0,285.81888888888886,4.9,24.77777777777778,7.0,0,0.0,0,0.0,1,1,0
C0942,32,0,True,12,1,18.525833333333335,6.909166666666667,24.416666666666668,9.5,1,0.0,0,0.0,24,0,0
C0295,44,1,False,4,0,1026.9325,14.3125,75.5,47.75,0,0.0,0,0.0,12,1,0
C0062,51,0,False,10,0,200.51600000000002,2.5170000000000003,39.3,19.0,1,0.0,0,0.0,12,0,1
C0120,45,1,True,15,1,235.17933333333335,3.5126666666666666,29.0,1.4,1,0.0,0,0.0,24,0,1
C0710,26,1,True,31,2,62.9858064516129,2.046774193548387,15.387096774193548,4.548387096774194,1,0.0,0,0.0,12,1,0
C0937,28,0,False,10,0,61.757000000000005,9.979000000000001,44.5,17.8,1,0.0,0,0.0,24,1,0
C0642,48,1,False,6,0,658.0616666666666,5.661666666666666,17.0,23.166666666666668,0,0.0,0,0.0,1,0,0
C0617,22,1,False,19,1,107.6078947368421,2.3010526315789472,5.0,3.9473684210526314,0,0.0,0,0.0,24,1,0
C0428,35,0,False,31,2,5.160322580645161,0.04709677419354839,0.03225806451612903,0.0967741935483871,0,0.0,0,0.0,1,1,0
C0491,39,0,False,30,2,161.0703333333333,0.49933333333333335,6.733333333333333,6.566666666666666,0,0.0,0,0.0,24,0,0
C0358,51,0,True,16,1,266.600625,0.13375,12.125,8.875,0,0.0,0,0.0,24,1,0
C0677,22,0,True,3,0,638.0733333333334,20.233333333333334,135.0,14.333333333333334,0,0.0,0,0.0,1,0,0
C0016,43,0,False,28,2,94.71892857142858,1.335357142857143,15.25,2.2142857142857144,0,0.0,0,0.0,12,1,0
C0922,50,0,True,29,2,114.29448275862069,1.6744827586206896,5.9655172413793105,4.241379310344827,0,0.0,0,0.0,12,0,0
C0161,34,1,True,6,0,697.91,5.675,35.5,29.666666666666668,0,0.0,0,0.0,24,1,0
C0869,24,1,False,17,1,170.12529411764706,3.993529411764706,11.294117647058824,9.823529411764707,0,0.0,0,0.0,12,1,0
C0578,49,1,False,28,2,46.04392857142857,2.4464285714285716,16.75,6.928571428571429,1,0.0,0,0.0,1,1,0
C0932,69,1,True,16,1,33.12125,1.01,27.1875,4.375,1,0.0,0,0.0,12,0,0
C0892,19,1,True,9,0,464.8044444444444,1.241111111111111,31.88888888888889,21.333333333333332,1,0.0,0,0.0,24,1,1
C0445,50,0,False,24,2,33.56041666666667,2.0345833333333334,18.958333333333332,3.8333333333333335,0,0.0,0,0.0,12,0,0
C0529,44,1,True,30,2,142.38533333333334,1.6786666666666668,2.533333333333333,1.1333333333333333,0,0.0,0,0.0,12,0,0
C0123,25,1,False,26,2,120.49153846153847,1.4661538461538461,9.576923076923077,4.461538461538462,0,0.0,0,0.0,12,1,0
C0613,53,0,False,29,2,94.35965517241378,1.6268965517241378,2.793103448275862,4.689655172413793,1,0.0,0,0.0,24,1,1
C0072,64,1,True,11,0,192.22,5.040909090909091,35.63636363636363,15.454545454545455,0,0.0,0,0.0,12,1,1
C0816,62,0,False,31,2,52.439354838709676,1.2816129032258063,6.580645161290323,3.032258064516129,0,0.0,0,0.0,1,0,0
C0458,54,0,False,13,1,370.17846153846153,7.6207692307692305,9.384615384615385,11.461538461538462,0,0.0,0,0.0,1,0,0
C0590,44,0,True,1,0,635.52,84.18,5.0,183.0,1,0.0,0,0.0,24,1,0
C0341,35,1,True,17,1,117.61235294117648,3.1241176470588234,7.823529411764706,2.2941176470588234,0,0.0,0,0.0,24,1,0
C0181,18,0,False,23,1,197.43826086956523,1.8630434782608696,19.0,3.0,0,206.0,1,142.78831919534872,12,0,0
C0327,28,0,True,3,0,145.81,4.6000000000000005,36.666666666666664,48.0,1,0.0,0,0.0,1,1,0
C0168,23,0,True,27,2,136.40703703703704,0.8318518518518518,4.62962962962963,2.888888888888889,0,0.0,0,0.0,1,1,0
C0854,51,0,False,8,0,317.03375,7.77125,44.5,6.25,0,0.0,0,0.0,24,0,0
C0858,38,0,False,4,0,131.1775,8.895,12.5,5.25,0,0.0,0,0.0,24,0,0
C0425,46,1,False,10,0,334.002,9.257,18.0,15.0,0,0.0,0,0.0,1,1,0
C0586,53,0,True,19,1,23.16,5.197368421052632,4.0,5.947368421052632,0,0.0,0,0.0,24,0,1
C0949,28,1,True,6,0,416.0783333333333,2.478333333333333,59.166666666666664,22.833333333333332,0,0.0,0,0.0,24,1,1
C0564,26,0,False,29,2,80.28275862068965,2.583448275862069,12.0,1.3103448275862069,1,0.0,0,0.0,24,0,0
C0576,44,1,True,25,2,57.845200000000006,2.444,19.6,1.8,0,280.0,1,194.08121055678467,12,0,0
C0796,57,1,True,18,1,263.1116666666667,3.7277777777777774,21.88888888888889,10.722222222222221,0,0.0,0,0.0,24,0,0
C0832,44,1,False,6,0,129.615,8.049999999999999,72.16666666666667,4.333333333333333,0,0.0,0,0.0,12,0,0
C0020,45,1,False,29,2,127.0251724137931,1.04,15.586206896551724,3.2758620689655173,0,0.0,0,0.0,24,0,0
C0183,53,1,False,29,2,108.75310344827587,0.9644827586206897,2.1724137931034484,0.5172413793103449,1,0.0,0,0.0,1,0,0
C0436,28,0,False,14,1,86.375,6.5200000000000005,17.071428571428573,8.5,0,0.0,0,0.0,12,1,0
C0382,21,1,True,1,0,1298.72,13.08,280.0,119.0,0,0.0,0,0.0,1,0,0
C0843,44,1,True,26,2,118.72653846153845,0.315,8.884615384615385,2.769230769230769,0,0.0,0,0.0,1,0,1
C0441,69,1,False,15,1,31.365333333333336,2.246666666666667,33.333333333333336,9.333333333333334,0,0.0,0,0.0,24,0,0
C0246,49,0,False,24,2,155.73499999999999,0.08875,18.5,7.458333333333333,0,0.0,0,0.0,1,1,0
C0148,38,0,True,20,1,78.3255,3.6674999999999995,15.85,0.3,0,0.0,0,0.0,24,0,0
C0167,22,0,True,23,1,152.47347826086957,1.1952173913043478,14.0,0.782608695652174,0,0.0,0,0.0,1,1,0
C0285,53,0,False,3,0,354.1466666666667,25.38,142.0,30.0,0,0.0,0,0.0,24,1,0
C0751,32,0,False,17,1,145.67882352941177,2.901764705882353,23.352941176470587,7.588235294117647,0,0.0,0,0.0,12,1,0
C0013,23,1,False,25,2,161.7252,0.48960000000000004,1.28,1.0,0,0.0,0,0.0,1,0,1
C0581,28,1,False,16,1,166.045,2.263125,3.125,10.0625,1,0.0,0,0.0,12,0,0
C0784,45,0,True,1,0,2963.27,7.78,21.0,47.0,1,0.0,0,0.0,24,0,1
C0033,52,1,False,21,1,184.70999999999998,3.7857142857142856,20.952380952380953,0.9047619047619048,0,0.0,0,0.0,12,0,0
C0567,58,1,False,13,1,193.48846153846154,1.8838461538461537,2.0,9.153846153846153,1,0.0,0,0.0,12,0,0
C0036,59,1,False,6,0,324.615,10.038333333333332,68.5,21.333333333333332,0,0.0,0,0.0,12,1,0
C0058,29,0,True,23,1,209.07869565217393,3.0304347826086957,5.0,6.086956521739131,0,0.0,0,0.0,1,0,0
C0296,47,0,True,24,2,136.19833333333335,2.64875,15.875,7.583333333333333,0,0.0,0,0.0,1,0,0
C0456,21,0,False,15,1,144.58266666666665,1.5733333333333335,14.066666666666666,1.7333333333333334,1,0.0,0,0.0,24,1,0
C0603,38,0,True,2,0,2391.25,45.655,162.0,80.0,0,0.0,0,0.0,12,0,1
C0471,63,0,False,5,0,278.964,19.012,48.8,26.2,0,0.0,0,0.0,24,0,0
C0056,49,0,True,25,2,155.77200000000002,0.1744,15.84,3.76,0,0.0,0,0.0,24,0,1
C0221,44,1,True,19,1,23.534736842105264,2.633157894736842,25.57894736842105,3.736842105263158,0,0.0,0,0.0,1,1,1
C0165,36,0,False,9,0,39.08777777777778,1.2999999999999998,8.444444444444445,5.333333333333333,0,0.0,0,0.0,1,0,0
C0308,30,1,True,14,1,310.7514285714286,5.363571428571428,0.42857142857142855,2.2857142857142856,1,0.0,0,0.0,12,1,0
C0621,57,1,True,24,2,160.42541666666668,1.2491666666666668,13.166666666666666,3.625,0,0.0,0,0.0,12,0,0
C0706,44,0,True,2,0,2465.95,26.685,188.5,59.5,1,0.0,0,0.0,12,0,0
C0565,23,1,True,23,1,161.98,0.19608695652173913,13.434782608695652,4.173913043478261,0,0.0,0,0.0,1,1,0
C0933,30,0,False,11,0,91.96454545454546,2.769090909090909,43.0,16.90909090909091,1,0.0,0,0.0,24,1,0
C0727,59,1,False,17,1,24.893529411764707,0.15294117647058825,14.058823529411764,4.705882352941177,0,0.0,0,0.0,1,1,0
C0098,70,1,False,22,1,223.90090909090907,1.1445454545454545,18.272727272727273,5.7272727272727275,0,0.0,0,0.0,1,1,1
C0622,23,1,True,11,0,429.94272727272727,8.681818181818182,20.454545454545453,14.818181818181818,1,0.0,0,0.0,1,0,0
C0061,54,1,False,6,0,688.3033333333333,0.9733333333333333,49.5,29.666666666666668,0,0.0,0,0.0,24,1,0
C0497,43,0,True,4,0,185.2375,13.1175,50.75,13.0,1,0.0,0,0.0,24,0,0
C0162,39,1,True,9,0,362.9133333333333,3.8966666666666665,40.77777777777778,5.666666666666667,0,0.0,0,0.0,24,1,0
C0152,29,0,True,12,1,167.78583333333333,7.1433333333333335,40.666666666666664,4.75,0,0.0,0,0.0,24,0,0
C0563,37,0,True,3,0,750.5733333333333,1.1966666666666665,75.0,39.333333333333336,0,0.0,0,0.0,1,1,0
C0439,56,1,True,28,2,164.3492857142857,2.5925000000000002,16.464285714285715,7.142857142857143,0,56.0,1,38.816242111356935,12,1,0
C0366,23,0,False,23,1,5.664782608695652,3.15,13.869565217391305,7.565217391304348,0,0.0,0,0.0,1,1,0
C0960,22,0,False,12,1,389.9216666666667,5.0616666666666665,38.416666666666664,2.5833333333333335,0,0.0,0,0.0,1,0,0
C0461,34,1,True,8,0,425.95625,2.61625,17.75,21.5,1,0.0,0,0.0,12,1,0
C0685,44,1,False,9,0,113.19444444444444,10.462222222222222,26.88888888888889,17.0,1,0.0,0,0.0,1,0,1
C0778,55,0,False,29,2,113.85103448275862,2.254137931034483,9.275862068965518,3.586206896551724,0,0.0,0,0.0,12,0,0
C0008,33,1,False,18,1,130.78333333333333,1.4105555555555556,22.88888888888889,4.888888888888889,0,0.0,0,0.0,24,0,0
C0025,23,0,True,24,2,46.30375,3.9370833333333333,19.625,2.0833333333333335,0,0.0,0,0.0,12,1,1
C0553,53,1,False,29,2,6.767931034482759,0.1610344827586207,12.344827586206897,1.8275862068965518,0,0.0,0,0.0,12,0,0
C0684,61,0,True,23,1,136.6226086956522,2.9143478260869564,0.2608695652173913,4.782608695652174,0,0.0,0,0.0,24,1,0
C0528,56,0,False,6,0,195.65333333333334,16.166666666666668,3.6666666666666665,7.666666666666667,0,0.0,0,0.0,1,1,0
C0001,34,0,True,28,2,126.615,0.2814285714285714,11.214285714285714,0.39285714285714285,1,0.0,0,0.0,12,0,0
C0899,69,1,True,2,0,2065.49,17.81,240.5,76.0,1,0.0,0,0.0,12,0,1
C0597,64,1,False,32,2,111.5659375,1.2278125,2.65625,0.71875,0,0.0,0,0.0,12,0,0
C0051,37,0,True,4,0,214.275,18.3875,45.5,6.75,0,0.0,0,0.0,1,1,0
C0204,46,0,True,29,2,35.462758620689655,2.3193103448275862,9.241379310344827,5.379310344827586,0,0.0,0,0.0,1,0,0
C0699,59,1,False,30,2,54.754333333333335,1.5956666666666666,6.833333333333333,1.3666666666666667,0,0.0,0,0.0,1,0,1
C0844,18,1,False,30,2,140.95066666666668,2.177,1.5,3.8333333333333335,0,239.0,1,165.66217615382692,1,1,0
C0557,70,0,True,16,1,184.116875,1.493125,5.5625,7.6875,0,0.0,0,0.0,24,1,1
C0015,55,1,False,16,1,212.1825,4.531875,11.5,8.6875,0,0.0,0,0.0,12,0,0
C0763,58,1,False,28,2,8.620000000000001,1.4739285714285715,5.5,0.5357142857142857,1,0.0,0,0.0,1,1,1
C0057,45,0,False,20,1,195.04749999999999,1.8844999999999998,15.4,7.15,0,0.0,0,0.0,24,1,1
C0517,39,1,False,27,2,4.215185185185185,2.1240740740740742,16.48148148148148,6.37037037037037,0,0.0,0,0.0,24,0,0
C0893,27,1,True,9,0,248.56888888888886,3.4522222222222223,43.55555555555556,6.222222222222222,0,0.0,0,0.0,1,1,0
C0397,44,1,True,25,2,26.698400000000003,0.48840000000000006,8.0,1.84,0,0.0,0,0.0,24,0,0
C0029,56,1,True,15,1,36.708666666666666,6.498666666666667,2.0,0.8,0,0.0,0,0.0,12,0,0
C0147,21,0,True,5,0,655.862,15.134,16.6,34.4,0,139.0,1,96.3474580978324,12,0,0
C0253,18,1,True,9,0,338.1111111111111,1.1622222222222223,44.77777777777778,9.444444444444445,0,0.0,0,0.0,24,1,0
C0223,21,0,False,19,1,49.89,0.8421052631578947,23.63157894736842,10.526315789473685,0,0.0,0,0.0,1,0,1
C0798,44,1,False,25,2,45.72560000000001,1.8503999999999998,18.28,7.36,0,0.0,0,0.0,12,0,1
C0199,44,0,True,22,1,96.525,4.134545454545454,8.636363636363637,8.181818181818182,0,0.0,0,0.0,24,1,0
C0040,59,0,False,8,0,404.99125,3.61,29.125,21.875,0,0.0,0,0.0,1,0,0
C0846,48,0,True,23,1,210.0508695652174,1.6234782608695653,0.6086956521739131,6.521739130434782,1,0.0,0,0.0,24,0,0
C0371,52,1,False,14,1,46.05571428571428,0.6992857142857142,3.2857142857142856,10.785714285714286,1,0.0,0,0.0,1,0,0
C0155,42,1,False,5,0,455.26800000000003,14.02,75.2,23.0,1,0.0,0,0.0,1,0,1
C0822,20,1,True,16,1,179.91,2.76625,21.0,3.5625,1,0.0,0,0.0,1,1,1
C0507,36,0,False,2,0,1159.185,28.62,68.0,80.5,1,0.0,0,0.0,1,0,0
C0394,52,0,True,8,0,418.54875,6.8075,5.75,20.125,1,0.0,0,0.0,12,1,1
C0639,44,0,True,12,1,353.26416666666665,4.796666666666667,37.833333333333336,2.1666666666666665,1,0.0,0,0.0,24,1,1
C0193,24,0,True,9,0,151.30777777777777,2.373333333333333,28.666666666666668,8.333333333333334,0,0.0,0,0.0,12,1,0
C0273,48,1,True,26,2,139.4803846153846,1.0692307692307692,9.5,2.230769230769231,0,0.0,0,0.0,24,0,1
C0596,44,0,True,22,1,17.51318181818182,4.035909090909091,16.727272727272727,6.954545454545454,0,0.0,0,0.0,1,0,0
C0448,69,0,False,6,0,628.2516666666667,11.448333333333332,46.166666666666664,6.666666666666667,0,0.0,0,0.0,24,0,0
C0268,44,1,False,3,0,417.3833333333334,3.783333333333333,19.333333333333332,38.0,1,0.0,0,0.0,1,0,0
C0202,63,0,True,27,2,23.85037037037037,1.0,5.37037037037037,5.481481481481482,1,0.0,0,0.0,24,0,0
C0831,51,0,False,19,1,85.45263157894736,0.8268421052631579,13.368421052631579,8.68421052631579,0,0.0,0,0.0,24,1,0
C0434,52,1,False,22,1,139.69909090909093,4.065,21.136363636363637,7.136363636363637,0,0.0,0,0.0,24,0,0
C0453,18,1,True,5,0,744.004,11.6,67.4,28.4,1,0.0,0,0.0,12,0,1
C0912,25,1,False,22,1,140.3459090909091,0.9740909090909091,13.045454545454545,0.7272727272727273,0,0.0,0,0.0,1,0,1
C0180,41,1,False,23,1,21.98304347826087,4.079565217391305,12.91304347826087,4.869565217391305,0,0.0,0,0.0,1,0,0
C0728,32,1,False,31,2,76.70612903225806,0.45741935483870966,8.193548387096774,2.3225806451612905,1,0.0,0,0.0,12,0,0
C0251,19,1,True,29,2,167.77344827586208,2.243103448275862,16.482758620689655,5.172413793103448,0,0.0,0,0.0,24,0,0
C0514,64,0,False,20,1,172.0275,0.2375,12.1,9.35,0,0.0,0,0.0,1,0,0
C0282,70,0,True,11,0,256.0018181818182,5.455454545454545,22.363636363636363,16.727272727272727,0,117.0,1,81.09822012551359,1,1,0
C0093,55,0,False,32,2,132.1096875,0.115625,3.0,1.90625,0,0.0,0,0.0,1,0,0
C0774,70,1,True,1,0,2230.16,56.08,412.0,117.0,0,0.0,0,0.0,24,1,0
C0470,66,1,False,20,1,93.74249999999999,3.8045,6.65,5.5,0,0.0,0,0.0,12,1,0
C0722,65,1,True,9,0,265.89444444444445,7.154444444444445,45.333333333333336,4.0,0,0.0,0,0.0,24,1,0
C0209,18,0,True,20,1,42.7915,2.929,5.25,7.45,0,0.0,0,0.0,24,1,1
C0364,52,0,True,6,0,505.21333333333337,8.966666666666667,18.0,2.1666666666666665,0,0.0,0,0.0,1,0,0
C0598,45,0,True,4,0,123.1625,5.5325,110.75,39.5,1,0.0,0,0.0,24,0,0
C0750,63,0,False,2,0,1947.19,8.19,50.0,74.0,0,175.0,1,121.30075659799043,1,0,0
C0643,55,0,True,5,0,126.998,13.778,98.0,35.0,0,0.0,0,0.0,1,0,0
C0379,66,1,False,19,1,67.45315789473683,2.1905263157894734,4.473684210526316,7.894736842105263,0,0.0,0,0.0,24,0,0
C0136,39,1,True,15,1,176.30133333333333,6.292,9.133333333333333,11.8,0,0.0,0,0.0,24,1,0
C0275,63,1,False,8,0,64.77875,0.36875,4.875,14.125,1,0.0,0,0.0,12,0,0
C0047,67,1,False,9,0,518.281111111111,4.527777777777778,19.555555555555557,16.666666666666668,0,0.0,0,0.0,1,0,1
C0270,56,0,True,21,1,62.091904761904765,1.5276190476190474,20.952380952380953,0.8095238095238095,0,0.0,0,0.0,12,0,0
C0604,61,0,False,27,2,38.10888888888889,2.9033333333333333,2.814814814814815,3.0,1,0.0,0,0.0,1,0,0
C0870,37,1,False,7,0,701.5828571428572,9.040000000000001,6.142857142857143,5.0,0,0.0,0,0.0,24,1,0
C0793,62,1,True,10,0,435.563,5.214,34.3,15.8,0,245.0,1,169.8210592371866,12,1,0
C0556,34,1,True,8,0,303.58875,10.0925,62.25,0.875,0,0.0,0,0.0,1,1,0
C0220,64,1,False,19,1,5.1968421052631575,4.444210526315789,11.421052631578947,9.421052631578947,0,0.0,0,0.0,24,0,0
C0348,49,0,True,22,1,64.18545454545455,1.5104545454545453,8.5,3.590909090909091,0,0.0,0,0.0,24,0,0
C0046,24,0,False,8,0,57.49625,9.04875,26.5,0.125,0,0.0,0,0.0,24,0,0
C0635,37,0,True,15,1,173.342,5.824,9.266666666666667,3.066666666666667,0,0.0,0,0.0,1,0,0
C0572,46,1,True,22,1,31.30181818181818,3.3904545454545456,14.0,6.454545454545454,1,0.0,0,0.0,1,0,0
C0698,47,0,True,25,2,48.458,2.4903999999999997,2.72,5.2,0,0.0,0,0.0,24,0,1
C0974,26,0,True,23,1,192.43652173913043,1.932608695652174,3.391304347826087,4.826086956521739,1,0.0,0,0.0,24,0,1
C0150,54,0,True,26,2,161.96730769230768,1.0642307692307693,16.846153846153847,1.5384615384615385,0,21.0,1,14.556090791758852,24,0,0
C0815,49,1,False,6,0,632.1383333333333,3.8800000000000003,12.166666666666666,4.5,0,0.0,0,0.0,24,0,0
C0978,31,0,True,14,1,331.3935714285714,3.9057142857142857,9.357142857142858,11.785714285714286,0,0.0,0,0.0,1,0,0
C0640,58,1,False,19,1,113.67315789473685,3.285263157894737,16.894736842105264,1.4736842105263157,1,0.0,0,0.0,24,1,0
C0599,21,1,True,16,1,241.50375,2.70375,18.4375,11.9375,0,0.0,0,0.0,24,0,1
C0463,18,1,False,1,0,1190.23,56.58,318.0,17.0,0,0.0,0,0.0,24,1,0
C0345,63,1,False,10,0,203.99200000000002,8.346,17.4,12.9,1,0.0,0,0.0,1,0,1
C0757,65,0,True,8,0,433.53125,11.57375,4.75,9.75,0,0.0,0,0.0,12,0,1
C0909,26,0,True,22,1,82.26863636363636,1.0127272727272727,9.0,4.045454545454546,1,0.0,0,0.0,24,0,0
C0320,41,1,False,17,1,98.6029411764706,5.008823529411765,28.11764705882353,7.117647058823529,1,0.0,0,0.0,1,0,0
C0277,26,0,False,19,1,173.46473684210525,0.09789473684210527,13.894736842105264,7.052631578947368,0,0.0,0,0.0,24,1,0
C0493,40,1,False,26,2,124.83153846153846,1.195,3.6923076923076925,1.4615384615384615,0,0.0,0,0.0,24,0,1
C0315,27,1,False,12,1,236.98333333333335,7.375,18.666666666666668,13.916666666666666,0,0.0,0,0.0,24,1,0
C0175,51,0,False,4,0,890.89,6.4575,90.75,4.75,1,0.0,0,0.0,24,0,0
C0697,45,0,False,5,0,321.95,5.8740000000000006,35.4,22.4,0,279.0,1,193.38806337622472,24,0,0
C0996,50,0,True,23,1,117.63782608695652,1.5052173913043476,6.739130434782608,2.5652173913043477,1,0.0,0,0.0,12,0,0
C0569,67,0,False,17,1,45.811764705882354,2.4994117647058824,10.176470588235293,3.5294117647058822,0,125.0,1,86.64339756999316,24,0,1
C0746,29,1,False,30,2,115.81033333333333,1.6916666666666667,4.333333333333333,1.7,0,183.0,1,126.84593404246999,12,0,0
C0052,20,1,True,26,2,117.07846153846154,2.680769230769231,5.538461538461538,1.8076923076923077,0,0.0,0,0.0,24,0,0
C0094,60,1,False,7,0,271.4742857142857,11.615714285714287,42.42857142857143,18.142857142857142,1,0.0,0,0.0,1,0,0
C0444,29,1,True,23,1,129.2,3.9930434782608697,15.869565217391305,5.913043478260869,1,0.0,0,0.0,1,1,0
C0897,47,1,True,12,1,21.337500000000002,8.264166666666666,26.5,1.5833333333333333,1,0.0,0,0.0,24,0,0
C0014,62,1,True,23,1,64.32304347826087,0.9478260869565218,15.0,3.5652173913043477,1,0.0,0,0.0,24,0,0
C0284,19,0,False,9,0,21.975555555555555,1.12,48.0,17.77777777777778,0,0.0,0,0.0,24,0,0
C0644,56,1,True,20,1,48.945499999999996,1.0465,15.65,5.05,0,0.0,0,0.0,12,0,0
C0886,69,1,True,18,1,273.6872222222222,3.4388888888888887,22.833333333333332,2.9444444444444446,1,0.0,0,0.0,24,0,0
C0210,42,1,False,5,0,377.726,11.784,48.4,36.6,0,0.0,0,0.0,1,0,1
C0116,35,0,True,20,1,8.144,1.989,6.55,0.4,0,0.0,0,0.0,12,0,0
C0705,50,1,False,19,1,192.47526315789474,1.3868421052631579,22.57894736842105,9.578947368421053,0,0.0,0,0.0,24,1,0
C0729,52,0,False,15,1,262.10133333333334,3.215333333333333,15.133333333333333,1.0,1,0.0,0,0.0,24,0,0
C0332,36,0,True,7,0,92.26142857142858,5.137142857142857,28.428571428571427,11.0,0,0.0,0,0.0,12,0,0
C0638,62,0,False,28,2,102.65857142857143,1.6925000000000001,14.678571428571429,3.857142857142857,0,0.0,0,0.0,12,0,1
C0818,45,1,True,23,1,96.3817391304348,0.8139130434782608,14.956521739130435,1.9565217391304348,1,0.0,0,0.0,12,0,0
C0847,52,0,False,1,0,787.37,14.44,61.0,46.0,1,0.0,0,0.0,12,0,0
C0866,57,0,True,1,0,4015.28,98.5,14.0,61.0,1,0.0,0,0.0,12,0,1
C0848,42,1,True,10,0,383.51,3.8600000000000003,44.8,3.1,0,0.0,0,0.0,1,1,0
C0851,60,0,True,20,1,128.19549999999998,0.8035,14.8,2.5,0,0.0,0,0.0,24,0,1
C0144,34,1,True,13,1,346.3569230769231,1.6015384615384616,30.46153846153846,13.692307692307692,0,0.0,0,0.0,1,1,0
C0918,25,1,True,23,1,88.01391304347825,0.33043478260869563,9.217391304347826,1.173913043478261,0,0.0,0,0.0,24,1,1
C0683,60,0,True,14,1,4.922142857142857,4.903571428571429,6.5,11.642857142857142,0,0.0,0,0.0,12,0,0
C0993,44,1,False,23,1,81.42217391304348,2.3443478260869566,10.26086956521739,3.347826086956522,0,0.0,0,0.0,24,0,0
C0966,26,0,True,11,0,406.5445454545454,7.296363636363637,11.636363636363637,17.181818181818183,1,0.0,0,0.0,12,1,0
C0967,20,1,True,30,2,110.506,1.5,3.9,6.333333333333333,0,0.0,0,0.0,12,0,0
C0022,22,1,True,10,0,234.012,5.309,44.8,12.5,1,0.0,0,0.0,1,1,1
C0064,64,1,True,30,2,47.583333333333336,1.6280000000000001,13.4,0.5333333333333333,1,0.0,0,0.0,24,0,1
C0455,53,0,False,15,1,261.85266666666666,2.0260000000000002,21.933333333333334,0.6,1,0.0,0,0.0,12,0,1
C0700,30,0,False,24,2,7.975416666666667,0.2975,12.291666666666666,5.541666666666667,0,0.0,0,0.0,12,1,1
C0196,52,0,True,29,2,125.01172413793104,1.8048275862068968,0.06896551724137931,0.8275862068965517,1,0.0,0,0.0,24,0,0
C0055,53,1,True,27,2,26.951481481481483,3.5914814814814813,16.814814814814813,2.5925925925925926,0,0.0,0,0.0,12,1,1
C0927,52,0,True,15,1,139.63066666666666,5.3133333333333335,7.4,1.6666666666666667,0,0.0,0,0.0,12,0,0
C0829,64,1,False,23,1,111.16956521739131,0.8773913043478261,16.82608695652174,6.173913043478261,0,0.0,0,0.0,1,1,0
C0943,25,0,False,28,2,99.79535714285714,2.817142857142857,5.607142857142857,4.285714285714286,1,0.0,0,0.0,12,1,0
C0274,23,1,False,6,0,133.68,11.198333333333332,16.666666666666668,31.333333333333332,0,0.0,0,0.0,12,1,1
C0500,59,0,True,9,0,147.03555555555556,5.471111111111111,48.0,6.222222222222222,0,236.0,1,163.58273461214708,24,0,0
C0811,28,0,True,4,0,986.47,20.2775,13.5,20.75,1,0.0,0,0.0,12,0,1
C0258,27,1,False,5,0,737.286,10.542,11.6,31.8,0,0.0,0,0.0,1,1,0
C0636,64,0,True,7,0,277.30857142857144,13.985714285714286,4.571428571428571,18.285714285714285,1,0.0,0,0.0,12,0,0
C0876,34,1,True,18,1,76.50611111111111,1.4055555555555557,2.5555555555555554,4.833333333333333,1,0.0,0,0.0,24,0,0
C0149,43,1,True,26,2,72.93307692307692,2.741923076923077,7.346153846153846,5.076923076923077,0,0.0,0,0.0,24,1,1
C0781,52,1,True,17,1,251.18470588235297,2.722941176470588,10.411764705882353,10.705882352941176,0,0.0,0,0.0,1,0,0
C0343,51,0,True,24,2,181.24333333333334,2.1320833333333336,9.666666666666666,1.125,1,0.0,0,0.0,24,0,0
C0665,47,1,False,25,2,87.95120000000001,1.0295999999999998,3.04,7.24,0,258.0,1,178.8319725844659,1,0,1
C0081,65,1,True,32,2,72.995,0.33625,6.59375,4.5625,0,55.0,1,38.12309493079699,24,1,1
C0234,57,0,True,24,2,72.72416666666668,2.02375,19.958333333333332,1.875,1,0.0,0,0.0,12,0,0
C0986,20,1,True,6,0,216.42166666666665,11.188333333333333,30.333333333333332,22.833333333333332,0,0.0,0,0.0,12,0,1
C0795,53,0,True,5,0,223.43400000000003,14.681999999999999,58.2,7.6,0,0.0,0,0.0,24,0,0
C0936,30,1,False,19,1,169.31,2.745263157894737,22.0,3.0526315789473686,1,0.0,0,0.0,1,1,0
C0961,54,0,True,29,2,65.57206896551723,2.2251724137931035,9.448275862068966,3.6206896551724137,1,0.0,0,0.0,12,1,0
C0902,57,1,False,26,2,116.35884615384614,0.6261538461538462,1.3076923076923077,3.1153846153846154,0,0.0,0,0.0,1,0,0
C0518,58,0,False,15,1,192.888,2.4873333333333334,0.4,4.0,0,0.0,0,0.0,12,1,0
C0975,45,1,True,24,2,176.34416666666667,0.6566666666666666,14.666666666666666,5.875,0,0.0,0,0.0,24,0,0
C0861,50,1,True,22,1,219.26409090909092,2.1604545454545456,9.545454545454545,0.13636363636363635,0,0.0,0,0.0,24,1,0
